season,driver,points
2000,Michael Schumacher,108.0
2001,Michael Schumacher,123.0
2002,Michael Schumacher,144.0
2003,Michael Schumacher,93.0
2004,Michael Schumacher,148.0
2005,Michael Schumacher,62.0
2006,Michael Schumacher,121.0
2007,Michael Schumacher,0.0
2008,Michael Schumacher,0.0
2009,Michael Schumacher,0.0
2010,Michael Schumacher,72.0
2011,Michael Schumacher,76.0
2012,Michael Schumacher,49.0
2013,Michael Schumacher,0.0
2014,Michael Schumacher,0.0
2015,Michael Schumacher,0.0
2016,Michael Schumacher,0.0
2017,Michael Schumacher,0.0
2018,Michael Schumacher,0.0
2019,Michael Schumacher,0.0
2020,Michael Schumacher,0.0
2021,Michael Schumacher,0.0
2022,Michael Schumacher,0.0
2023,Michael Schumacher,0.0
2024,Michael Schumacher,0.0
2025,Michael Schumacher,0.0
2026,Michael Schumacher,0.0
2000,Mika Häkkinen,89.0
2001,Mika Häkkinen,37.0
2002,Mika Häkkinen,0.0
2003,Mika Häkkinen,0.0
2004,Mika Häkkinen,0.0
2005,Mika Häkkinen,0.0
2006,Mika Häkkinen,0.0
2007,Mika Häkkinen,0.0
2008,Mika Häkkinen,0.0
2009,Mika Häkkinen,0.0
2010,Mika Häkkinen,0.0
2011,Mika Häkkinen,0.0
2012,Mika Häkkinen,0.0
2013,Mika Häkkinen,0.0
2014,Mika Häkkinen,0.0
2015,Mika Häkkinen,0.0
2016,Mika Häkkinen,0.0
2017,Mika Häkkinen,0.0
2018,Mika Häkkinen,0.0
2019,Mika Häkkinen,0.0
2020,Mika Häkkinen,0.0
2021,Mika Häkkinen,0.0
2022,Mika Häkkinen,0.0
2023,Mika Häkkinen,0.0
2024,Mika Häkkinen,0.0
2025,Mika Häkkinen,0.0
2026,Mika Häkkinen,0.0
2000,David Coulthard,73.0
2001,David Coulthard,65.0
2002,David Coulthard,41.0
2003,David Coulthard,51.0
2004,David Coulthard,24.0
2005,David Coulthard,24.0
2006,David Coulthard,14.0
2007,David Coulthard,14.0
2008,David Coulthard,8.0
2009,David Coulthard,0.0
2010,David Coulthard,0.0
2011,David Coulthard,0.0
2012,David Coulthard,0.0
2013,David Coulthard,0.0
2014,David Coulthard,0.0
2015,David Coulthard,0.0
2016,David Coulthard,0.0
2017,David Coulthard,0.0
2018,David Coulthard,0.0
2019,David Coulthard,0.0
2020,David Coulthard,0.0
2021,David Coulthard,0.0
2022,David Coulthard,0.0
2023,David Coulthard,0.0
2024,David Coulthard,0.0
2025,David Coulthard,0.0
2026,David Coulthard,0.0
2000,Rubens Barrichello,62.0
2001,Rubens Barrichello,56.0
2002,Rubens Barrichello,77.0
2003,Rubens Barrichello,65.0
2004,Rubens Barrichello,114.0
2005,Rubens Barrichello,38.0
2006,Rubens Barrichello,30.0
2007,Rubens Barrichello,0.0
2008,Rubens Barrichello,11.0
2009,Rubens Barrichello,77.0
2010,Rubens Barrichello,47.0
2011,Rubens Barrichello,4.0
2012,Rubens Barrichello,0.0
2013,Rubens Barrichello,0.0
2014,Rubens Barrichello,0.0
2015,Rubens Barrichello,0.0
2016,Rubens Barrichello,0.0
2017,Rubens Barrichello,0.0
2018,Rubens Barrichello,0.0
2019,Rubens Barrichello,0.0
2020,Rubens Barrichello,0.0
2021,Rubens Barrichello,0.0
2022,Rubens Barrichello,0.0
2023,Rubens Barrichello,0.0
2024,Rubens Barrichello,0.0
2025,Rubens Barrichello,0.0
2026,Rubens Barrichello,0.0
2000,Ralf Schumacher,24.0
2001,Ralf Schumacher,49.0
2002,Ralf Schumacher,42.0
2003,Ralf Schumacher,58.0
2004,Ralf Schumacher,24.0
2005,Ralf Schumacher,45.0
2006,Ralf Schumacher,20.0
2007,Ralf Schumacher,5.0
2008,Ralf Schumacher,0.0
2009,Ralf Schumacher,0.0
2010,Ralf Schumacher,0.0
2011,Ralf Schumacher,0.0
2012,Ralf Schumacher,0.0
2013,Ralf Schumacher,0.0
2014,Ralf Schumacher,0.0
2015,Ralf Schumacher,0.0
2016,Ralf Schumacher,0.0
2017,Ralf Schumacher,0.0
2018,Ralf Schumacher,0.0
2019,Ralf Schumacher,0.0
2020,Ralf Schumacher,0.0
2021,Ralf Schumacher,0.0
2022,Ralf Schumacher,0.0
2023,Ralf Schumacher,0.0
2024,Ralf Schumacher,0.0
2025,Ralf Schumacher,0.0
2026,Ralf Schumacher,0.0
2000,Giancarlo Fisichella,18.0
2001,Giancarlo Fisichella,8.0
2002,Giancarlo Fisichella,7.0
2003,Giancarlo Fisichella,12.0
2004,Giancarlo Fisichella,22.0
2005,Giancarlo Fisichella,58.0
2006,Giancarlo Fisichella,72.0
2007,Giancarlo Fisichella,21.0
2008,Giancarlo Fisichella,0.0
2009,Giancarlo Fisichella,8.0
2010,Giancarlo Fisichella,0.0
2011,Giancarlo Fisichella,0.0
2012,Giancarlo Fisichella,0.0
2013,Giancarlo Fisichella,0.0
2014,Giancarlo Fisichella,0.0
2015,Giancarlo Fisichella,0.0
2016,Giancarlo Fisichella,0.0
2017,Giancarlo Fisichella,0.0
2018,Giancarlo Fisichella,0.0
2019,Giancarlo Fisichella,0.0
2020,Giancarlo Fisichella,0.0
2021,Giancarlo Fisichella,0.0
2022,Giancarlo Fisichella,0.0
2023,Giancarlo Fisichella,0.0
2024,Giancarlo Fisichella,0.0
2025,Giancarlo Fisichella,0.0
2026,Giancarlo Fisichella,0.0
2000,Jacques Villeneuve,17.0
2001,Jacques Villeneuve,12.0
2002,Jacques Villeneuve,4.0
2003,Jacques Villeneuve,6.0
2004,Jacques Villeneuve,0.0
2005,Jacques Villeneuve,9.0
2006,Jacques Villeneuve,7.0
2007,Jacques Villeneuve,0.0
2008,Jacques Villeneuve,0.0
2009,Jacques Villeneuve,0.0
2010,Jacques Villeneuve,0.0
2011,Jacques Villeneuve,0.0
2012,Jacques Villeneuve,0.0
2013,Jacques Villeneuve,0.0
2014,Jacques Villeneuve,0.0
2015,Jacques Villeneuve,0.0
2016,Jacques Villeneuve,0.0
2017,Jacques Villeneuve,0.0
2018,Jacques Villeneuve,0.0
2019,Jacques Villeneuve,0.0
2020,Jacques Villeneuve,0.0
2021,Jacques Villeneuve,0.0
2022,Jacques Villeneuve,0.0
2023,Jacques Villeneuve,0.0
2024,Jacques Villeneuve,0.0
2025,Jacques Villeneuve,0.0
2026,Jacques Villeneuve,0.0
2000,Jenson Button,12.0
2001,Jenson Button,2.0
2002,Jenson Button,14.0
2003,Jenson Button,17.0
2004,Jenson Button,85.0
2005,Jenson Button,37.0
2006,Jenson Button,56.0
2007,Jenson Button,6.0
2008,Jenson Button,3.0
2009,Jenson Button,95.0
2010,Jenson Button,214.0
2011,Jenson Button,270.0
2012,Jenson Button,188.0
2013,Jenson Button,73.0
2014,Jenson Button,126.0
2015,Jenson Button,16.0
2016,Jenson Button,21.0
2017,Jenson Button,0.0
2018,Jenson Button,0.0
2019,Jenson Button,0.0
2020,Jenson Button,0.0
2021,Jenson Button,0.0
2022,Jenson Button,0.0
2023,Jenson Button,0.0
2024,Jenson Button,0.0
2025,Jenson Button,0.0
2026,Jenson Button,0.0
2000,Heinz-Harald Frentzen,11.0
2001,Heinz-Harald Frentzen,6.0
2002,Heinz-Harald Frentzen,2.0
2003,Heinz-Harald Frentzen,13.0
2004,Heinz-Harald Frentzen,0.0
2005,Heinz-Harald Frentzen,0.0
2006,Heinz-Harald Frentzen,0.0
2007,Heinz-Harald Frentzen,0.0
2008,Heinz-Harald Frentzen,0.0
2009,Heinz-Harald Frentzen,0.0
2010,Heinz-Harald Frentzen,0.0
2011,Heinz-Harald Frentzen,0.0
2012,Heinz-Harald Frentzen,0.0
2013,Heinz-Harald Frentzen,0.0
2014,Heinz-Harald Frentzen,0.0
2015,Heinz-Harald Frentzen,0.0
2016,Heinz-Harald Frentzen,0.0
2017,Heinz-Harald Frentzen,0.0
2018,Heinz-Harald Frentzen,0.0
2019,Heinz-Harald Frentzen,0.0
2020,Heinz-Harald Frentzen,0.0
2021,Heinz-Harald Frentzen,0.0
2022,Heinz-Harald Frentzen,0.0
2023,Heinz-Harald Frentzen,0.0
2024,Heinz-Harald Frentzen,0.0
2025,Heinz-Harald Frentzen,0.0
2026,Heinz-Harald Frentzen,0.0
2000,Jarno Trulli,6.0
2001,Jarno Trulli,12.0
2002,Jarno Trulli,9.0
2003,Jarno Trulli,33.0
2004,Jarno Trulli,46.0
2005,Jarno Trulli,43.0
2006,Jarno Trulli,15.0
2007,Jarno Trulli,8.0
2008,Jarno Trulli,31.0
2009,Jarno Trulli,32.5
2010,Jarno Trulli,0.0
2011,Jarno Trulli,0.0
2012,Jarno Trulli,0.0
2013,Jarno Trulli,0.0
2014,Jarno Trulli,0.0
2015,Jarno Trulli,0.0
2016,Jarno Trulli,0.0
2017,Jarno Trulli,0.0
2018,Jarno Trulli,0.0
2019,Jarno Trulli,0.0
2020,Jarno Trulli,0.0
2021,Jarno Trulli,0.0
2022,Jarno Trulli,0.0
2023,Jarno Trulli,0.0
2024,Jarno Trulli,0.0
2025,Jarno Trulli,0.0
2026,Jarno Trulli,0.0
2000,Mika Salo,6.0
2001,Mika Salo,0.0
2002,Mika Salo,2.0
2003,Mika Salo,0.0
2004,Mika Salo,0.0
2005,Mika Salo,0.0
2006,Mika Salo,0.0
2007,Mika Salo,0.0
2008,Mika Salo,0.0
2009,Mika Salo,0.0
2010,Mika Salo,0.0
2011,Mika Salo,0.0
2012,Mika Salo,0.0
2013,Mika Salo,0.0
2014,Mika Salo,0.0
2015,Mika Salo,0.0
2016,Mika Salo,0.0
2017,Mika Salo,0.0
2018,Mika Salo,0.0
2019,Mika Salo,0.0
2020,Mika Salo,0.0
2021,Mika Salo,0.0
2022,Mika Salo,0.0
2023,Mika Salo,0.0
2024,Mika Salo,0.0
2025,Mika Salo,0.0
2026,Mika Salo,0.0
2000,Jos Verstappen,5.0
2001,Jos Verstappen,1.0
2002,Jos Verstappen,0.0
2003,Jos Verstappen,0.0
2004,Jos Verstappen,0.0
2005,Jos Verstappen,0.0
2006,Jos Verstappen,0.0
2007,Jos Verstappen,0.0
2008,Jos Verstappen,0.0
2009,Jos Verstappen,0.0
2010,Jos Verstappen,0.0
2011,Jos Verstappen,0.0
2012,Jos Verstappen,0.0
2013,Jos Verstappen,0.0
2014,Jos Verstappen,0.0
2015,Jos Verstappen,0.0
2016,Jos Verstappen,0.0
2017,Jos Verstappen,0.0
2018,Jos Verstappen,0.0
2019,Jos Verstappen,0.0
2020,Jos Verstappen,0.0
2021,Jos Verstappen,0.0
2022,Jos Verstappen,0.0
2023,Jos Verstappen,0.0
2024,Jos Verstappen,0.0
2025,Jos Verstappen,0.0
2026,Jos Verstappen,0.0
2000,Eddie Irvine,4.0
2001,Eddie Irvine,6.0
2002,Eddie Irvine,8.0
2003,Eddie Irvine,0.0
2004,Eddie Irvine,0.0
2005,Eddie Irvine,0.0
2006,Eddie Irvine,0.0
2007,Eddie Irvine,0.0
2008,Eddie Irvine,0.0
2009,Eddie Irvine,0.0
2010,Eddie Irvine,0.0
2011,Eddie Irvine,0.0
2012,Eddie Irvine,0.0
2013,Eddie Irvine,0.0
2014,Eddie Irvine,0.0
2015,Eddie Irvine,0.0
2016,Eddie Irvine,0.0
2017,Eddie Irvine,0.0
2018,Eddie Irvine,0.0
2019,Eddie Irvine,0.0
2020,Eddie Irvine,0.0
2021,Eddie Irvine,0.0
2022,Eddie Irvine,0.0
2023,Eddie Irvine,0.0
2024,Eddie Irvine,0.0
2025,Eddie Irvine,0.0
2026,Eddie Irvine,0.0
2000,Ricardo Zonta,3.0
2001,Ricardo Zonta,0.0
2002,Ricardo Zonta,0.0
2003,Ricardo Zonta,0.0
2004,Ricardo Zonta,0.0
2005,Ricardo Zonta,0.0
2006,Ricardo Zonta,0.0
2007,Ricardo Zonta,0.0
2008,Ricardo Zonta,0.0
2009,Ricardo Zonta,0.0
2010,Ricardo Zonta,0.0
2011,Ricardo Zonta,0.0
2012,Ricardo Zonta,0.0
2013,Ricardo Zonta,0.0
2014,Ricardo Zonta,0.0
2015,Ricardo Zonta,0.0
2016,Ricardo Zonta,0.0
2017,Ricardo Zonta,0.0
2018,Ricardo Zonta,0.0
2019,Ricardo Zonta,0.0
2020,Ricardo Zonta,0.0
2021,Ricardo Zonta,0.0
2022,Ricardo Zonta,0.0
2023,Ricardo Zonta,0.0
2024,Ricardo Zonta,0.0
2025,Ricardo Zonta,0.0
2026,Ricardo Zonta,0.0
2000,Alexander Wurz,2.0
2001,Alexander Wurz,0.0
2002,Alexander Wurz,0.0
2003,Alexander Wurz,0.0
2004,Alexander Wurz,0.0
2005,Alexander Wurz,6.0
2006,Alexander Wurz,0.0
2007,Alexander Wurz,13.0
2008,Alexander Wurz,0.0
2009,Alexander Wurz,0.0
2010,Alexander Wurz,0.0
2011,Alexander Wurz,0.0
2012,Alexander Wurz,0.0
2013,Alexander Wurz,0.0
2014,Alexander Wurz,0.0
2015,Alexander Wurz,0.0
2016,Alexander Wurz,0.0
2017,Alexander Wurz,0.0
2018,Alexander Wurz,0.0
2019,Alexander Wurz,0.0
2020,Alexander Wurz,0.0
2021,Alexander Wurz,0.0
2022,Alexander Wurz,0.0
2023,Alexander Wurz,0.0
2024,Alexander Wurz,0.0
2025,Alexander Wurz,0.0
2026,Alexander Wurz,0.0
2000,Pedro de la Rosa,2.0
2001,Pedro de la Rosa,3.0
2002,Pedro de la Rosa,0.0
2003,Pedro de la Rosa,0.0
2004,Pedro de la Rosa,0.0
2005,Pedro de la Rosa,4.0
2006,Pedro de la Rosa,19.0
2007,Pedro de la Rosa,0.0
2008,Pedro de la Rosa,0.0
2009,Pedro de la Rosa,0.0
2010,Pedro de la Rosa,6.0
2011,Pedro de la Rosa,0.0
2012,Pedro de la Rosa,0.0
2013,Pedro de la Rosa,0.0
2014,Pedro de la Rosa,0.0
2015,Pedro de la Rosa,0.0
2016,Pedro de la Rosa,0.0
2017,Pedro de la Rosa,0.0
2018,Pedro de la Rosa,0.0
2019,Pedro de la Rosa,0.0
2020,Pedro de la Rosa,0.0
2021,Pedro de la Rosa,0.0
2022,Pedro de la Rosa,0.0
2023,Pedro de la Rosa,0.0
2024,Pedro de la Rosa,0.0
2025,Pedro de la Rosa,0.0
2026,Pedro de la Rosa,0.0
2000,Johnny Herbert,0.0
2001,Johnny Herbert,0.0
2002,Johnny Herbert,0.0
2003,Johnny Herbert,0.0
2004,Johnny Herbert,0.0
2005,Johnny Herbert,0.0
2006,Johnny Herbert,0.0
2007,Johnny Herbert,0.0
2008,Johnny Herbert,0.0
2009,Johnny Herbert,0.0
2010,Johnny Herbert,0.0
2011,Johnny Herbert,0.0
2012,Johnny Herbert,0.0
2013,Johnny Herbert,0.0
2014,Johnny Herbert,0.0
2015,Johnny Herbert,0.0
2016,Johnny Herbert,0.0
2017,Johnny Herbert,0.0
2018,Johnny Herbert,0.0
2019,Johnny Herbert,0.0
2020,Johnny Herbert,0.0
2021,Johnny Herbert,0.0
2022,Johnny Herbert,0.0
2023,Johnny Herbert,0.0
2024,Johnny Herbert,0.0
2025,Johnny Herbert,0.0
2026,Johnny Herbert,0.0
2000,Pedro Diniz,0.0
2001,Pedro Diniz,0.0
2002,Pedro Diniz,0.0
2003,Pedro Diniz,0.0
2004,Pedro Diniz,0.0
2005,Pedro Diniz,0.0
2006,Pedro Diniz,0.0
2007,Pedro Diniz,0.0
2008,Pedro Diniz,0.0
2009,Pedro Diniz,0.0
2010,Pedro Diniz,0.0
2011,Pedro Diniz,0.0
2012,Pedro Diniz,0.0
2013,Pedro Diniz,0.0
2014,Pedro Diniz,0.0
2015,Pedro Diniz,0.0
2016,Pedro Diniz,0.0
2017,Pedro Diniz,0.0
2018,Pedro Diniz,0.0
2019,Pedro Diniz,0.0
2020,Pedro Diniz,0.0
2021,Pedro Diniz,0.0
2022,Pedro Diniz,0.0
2023,Pedro Diniz,0.0
2024,Pedro Diniz,0.0
2025,Pedro Diniz,0.0
2026,Pedro Diniz,0.0
2000,Marc Gené,0.0
2001,Marc Gené,0.0
2002,Marc Gené,0.0
2003,Marc Gené,4.0
2004,Marc Gené,0.0
2005,Marc Gené,0.0
2006,Marc Gené,0.0
2007,Marc Gené,0.0
2008,Marc Gené,0.0
2009,Marc Gené,0.0
2010,Marc Gené,0.0
2011,Marc Gené,0.0
2012,Marc Gené,0.0
2013,Marc Gené,0.0
2014,Marc Gené,0.0
2015,Marc Gené,0.0
2016,Marc Gené,0.0
2017,Marc Gené,0.0
2018,Marc Gené,0.0
2019,Marc Gené,0.0
2020,Marc Gené,0.0
2021,Marc Gené,0.0
2022,Marc Gené,0.0
2023,Marc Gené,0.0
2024,Marc Gené,0.0
2025,Marc Gené,0.0
2026,Marc Gené,0.0
2000,Nick Heidfeld,0.0
2001,Nick Heidfeld,12.0
2002,Nick Heidfeld,7.0
2003,Nick Heidfeld,6.0
2004,Nick Heidfeld,3.0
2005,Nick Heidfeld,28.0
2006,Nick Heidfeld,23.0
2007,Nick Heidfeld,61.0
2008,Nick Heidfeld,60.0
2009,Nick Heidfeld,19.0
2010,Nick Heidfeld,6.0
2011,Nick Heidfeld,34.0
2012,Nick Heidfeld,0.0
2013,Nick Heidfeld,0.0
2014,Nick Heidfeld,0.0
2015,Nick Heidfeld,0.0
2016,Nick Heidfeld,0.0
2017,Nick Heidfeld,0.0
2018,Nick Heidfeld,0.0
2019,Nick Heidfeld,0.0
2020,Nick Heidfeld,0.0
2021,Nick Heidfeld,0.0
2022,Nick Heidfeld,0.0
2023,Nick Heidfeld,0.0
2024,Nick Heidfeld,0.0
2025,Nick Heidfeld,0.0
2026,Nick Heidfeld,0.0
2000,Gastón Mazzacane,0.0
2001,Gastón Mazzacane,0.0
2002,Gastón Mazzacane,0.0
2003,Gastón Mazzacane,0.0
2004,Gastón Mazzacane,0.0
2005,Gastón Mazzacane,0.0
2006,Gastón Mazzacane,0.0
2007,Gastón Mazzacane,0.0
2008,Gastón Mazzacane,0.0
2009,Gastón Mazzacane,0.0
2010,Gastón Mazzacane,0.0
2011,Gastón Mazzacane,0.0
2012,Gastón Mazzacane,0.0
2013,Gastón Mazzacane,0.0
2014,Gastón Mazzacane,0.0
2015,Gastón Mazzacane,0.0
2016,Gastón Mazzacane,0.0
2017,Gastón Mazzacane,0.0
2018,Gastón Mazzacane,0.0
2019,Gastón Mazzacane,0.0
2020,Gastón Mazzacane,0.0
2021,Gastón Mazzacane,0.0
2022,Gastón Mazzacane,0.0
2023,Gastón Mazzacane,0.0
2024,Gastón Mazzacane,0.0
2025,Gastón Mazzacane,0.0
2026,Gastón Mazzacane,0.0
2000,Jean Alesi,0.0
2001,Jean Alesi,5.0
2002,Jean Alesi,0.0
2003,Jean Alesi,0.0
2004,Jean Alesi,0.0
2005,Jean Alesi,0.0
2006,Jean Alesi,0.0
2007,Jean Alesi,0.0
2008,Jean Alesi,0.0
2009,Jean Alesi,0.0
2010,Jean Alesi,0.0
2011,Jean Alesi,0.0
2012,Jean Alesi,0.0
2013,Jean Alesi,0.0
2014,Jean Alesi,0.0
2015,Jean Alesi,0.0
2016,Jean Alesi,0.0
2017,Jean Alesi,0.0
2018,Jean Alesi,0.0
2019,Jean Alesi,0.0
2020,Jean Alesi,0.0
2021,Jean Alesi,0.0
2022,Jean Alesi,0.0
2023,Jean Alesi,0.0
2024,Jean Alesi,0.0
2025,Jean Alesi,0.0
2026,Jean Alesi,0.0
2000,Luciano Burti,0.0
2001,Luciano Burti,0.0
2002,Luciano Burti,0.0
2003,Luciano Burti,0.0
2004,Luciano Burti,0.0
2005,Luciano Burti,0.0
2006,Luciano Burti,0.0
2007,Luciano Burti,0.0
2008,Luciano Burti,0.0
2009,Luciano Burti,0.0
2010,Luciano Burti,0.0
2011,Luciano Burti,0.0
2012,Luciano Burti,0.0
2013,Luciano Burti,0.0
2014,Luciano Burti,0.0
2015,Luciano Burti,0.0
2016,Luciano Burti,0.0
2017,Luciano Burti,0.0
2018,Luciano Burti,0.0
2019,Luciano Burti,0.0
2020,Luciano Burti,0.0
2021,Luciano Burti,0.0
2022,Luciano Burti,0.0
2023,Luciano Burti,0.0
2024,Luciano Burti,0.0
2025,Luciano Burti,0.0
2026,Luciano Burti,0.0
2000,Juan Pablo Montoya,0.0
2001,Juan Pablo Montoya,31.0
2002,Juan Pablo Montoya,50.0
2003,Juan Pablo Montoya,82.0
2004,Juan Pablo Montoya,58.0
2005,Juan Pablo Montoya,60.0
2006,Juan Pablo Montoya,26.0
2007,Juan Pablo Montoya,0.0
2008,Juan Pablo Montoya,0.0
2009,Juan Pablo Montoya,0.0
2010,Juan Pablo Montoya,0.0
2011,Juan Pablo Montoya,0.0
2012,Juan Pablo Montoya,0.0
2013,Juan Pablo Montoya,0.0
2014,Juan Pablo Montoya,0.0
2015,Juan Pablo Montoya,0.0
2016,Juan Pablo Montoya,0.0
2017,Juan Pablo Montoya,0.0
2018,Juan Pablo Montoya,0.0
2019,Juan Pablo Montoya,0.0
2020,Juan Pablo Montoya,0.0
2021,Juan Pablo Montoya,0.0
2022,Juan Pablo Montoya,0.0
2023,Juan Pablo Montoya,0.0
2024,Juan Pablo Montoya,0.0
2025,Juan Pablo Montoya,0.0
2026,Juan Pablo Montoya,0.0
2000,Kimi Räikkönen,0.0
2001,Kimi Räikkönen,9.0
2002,Kimi Räikkönen,24.0
2003,Kimi Räikkönen,91.0
2004,Kimi Räikkönen,45.0
2005,Kimi Räikkönen,112.0
2006,Kimi Räikkönen,65.0
2007,Kimi Räikkönen,110.0
2008,Kimi Räikkönen,75.0
2009,Kimi Räikkönen,48.0
2010,Kimi Räikkönen,0.0
2011,Kimi Räikkönen,0.0
2012,Kimi Räikkönen,207.0
2013,Kimi Räikkönen,183.0
2014,Kimi Räikkönen,55.0
2015,Kimi Räikkönen,150.0
2016,Kimi Räikkönen,186.0
2017,Kimi Räikkönen,205.0
2018,Kimi Räikkönen,251.0
2019,Kimi Räikkönen,43.0
2020,Kimi Räikkönen,4.0
2021,Kimi Räikkönen,10.0
2022,Kimi Räikkönen,0.0
2023,Kimi Räikkönen,0.0
2024,Kimi Räikkönen,0.0
2025,Kimi Räikkönen,0.0
2026,Kimi Räikkönen,0.0
2000,Olivier Panis,0.0
2001,Olivier Panis,5.0
2002,Olivier Panis,3.0
2003,Olivier Panis,6.0
2004,Olivier Panis,6.0
2005,Olivier Panis,0.0
2006,Olivier Panis,0.0
2007,Olivier Panis,0.0
2008,Olivier Panis,0.0
2009,Olivier Panis,0.0
2010,Olivier Panis,0.0
2011,Olivier Panis,0.0
2012,Olivier Panis,0.0
2013,Olivier Panis,0.0
2014,Olivier Panis,0.0
2015,Olivier Panis,0.0
2016,Olivier Panis,0.0
2017,Olivier Panis,0.0
2018,Olivier Panis,0.0
2019,Olivier Panis,0.0
2020,Olivier Panis,0.0
2021,Olivier Panis,0.0
2022,Olivier Panis,0.0
2023,Olivier Panis,0.0
2024,Olivier Panis,0.0
2025,Olivier Panis,0.0
2026,Olivier Panis,0.0
2000,Enrique Bernoldi,0.0
2001,Enrique Bernoldi,0.0
2002,Enrique Bernoldi,0.0
2003,Enrique Bernoldi,0.0
2004,Enrique Bernoldi,0.0
2005,Enrique Bernoldi,0.0
2006,Enrique Bernoldi,0.0
2007,Enrique Bernoldi,0.0
2008,Enrique Bernoldi,0.0
2009,Enrique Bernoldi,0.0
2010,Enrique Bernoldi,0.0
2011,Enrique Bernoldi,0.0
2012,Enrique Bernoldi,0.0
2013,Enrique Bernoldi,0.0
2014,Enrique Bernoldi,0.0
2015,Enrique Bernoldi,0.0
2016,Enrique Bernoldi,0.0
2017,Enrique Bernoldi,0.0
2018,Enrique Bernoldi,0.0
2019,Enrique Bernoldi,0.0
2020,Enrique Bernoldi,0.0
2021,Enrique Bernoldi,0.0
2022,Enrique Bernoldi,0.0
2023,Enrique Bernoldi,0.0
2024,Enrique Bernoldi,0.0
2025,Enrique Bernoldi,0.0
2026,Enrique Bernoldi,0.0
2000,Tarso Marques,0.0
2001,Tarso Marques,0.0
2002,Tarso Marques,0.0
2003,Tarso Marques,0.0
2004,Tarso Marques,0.0
2005,Tarso Marques,0.0
2006,Tarso Marques,0.0
2007,Tarso Marques,0.0
2008,Tarso Marques,0.0
2009,Tarso Marques,0.0
2010,Tarso Marques,0.0
2011,Tarso Marques,0.0
2012,Tarso Marques,0.0
2013,Tarso Marques,0.0
2014,Tarso Marques,0.0
2015,Tarso Marques,0.0
2016,Tarso Marques,0.0
2017,Tarso Marques,0.0
2018,Tarso Marques,0.0
2019,Tarso Marques,0.0
2020,Tarso Marques,0.0
2021,Tarso Marques,0.0
2022,Tarso Marques,0.0
2023,Tarso Marques,0.0
2024,Tarso Marques,0.0
2025,Tarso Marques,0.0
2026,Tarso Marques,0.0
2000,Fernando Alonso,0.0
2001,Fernando Alonso,0.0
2002,Fernando Alonso,0.0
2003,Fernando Alonso,55.0
2004,Fernando Alonso,59.0
2005,Fernando Alonso,133.0
2006,Fernando Alonso,134.0
2007,Fernando Alonso,109.0
2008,Fernando Alonso,61.0
2009,Fernando Alonso,26.0
2010,Fernando Alonso,252.0
2011,Fernando Alonso,257.0
2012,Fernando Alonso,278.0
2013,Fernando Alonso,242.0
2014,Fernando Alonso,161.0
2015,Fernando Alonso,11.0
2016,Fernando Alonso,54.0
2017,Fernando Alonso,17.0
2018,Fernando Alonso,50.0
2019,Fernando Alonso,0.0
2020,Fernando Alonso,0.0
2021,Fernando Alonso,81.0
2022,Fernando Alonso,81.0
2023,Fernando Alonso,206.0
2024,Fernando Alonso,70.0
2025,Fernando Alonso,56.0
2026,Fernando Alonso,1.0
2000,Tomáš Enge,0.0
2001,Tomáš Enge,0.0
2002,Tomáš Enge,0.0
2003,Tomáš Enge,0.0
2004,Tomáš Enge,0.0
2005,Tomáš Enge,0.0
2006,Tomáš Enge,0.0
2007,Tomáš Enge,0.0
2008,Tomáš Enge,0.0
2009,Tomáš Enge,0.0
2010,Tomáš Enge,0.0
2011,Tomáš Enge,0.0
2012,Tomáš Enge,0.0
2013,Tomáš Enge,0.0
2014,Tomáš Enge,0.0
2015,Tomáš Enge,0.0
2016,Tomáš Enge,0.0
2017,Tomáš Enge,0.0
2018,Tomáš Enge,0.0
2019,Tomáš Enge,0.0
2020,Tomáš Enge,0.0
2021,Tomáš Enge,0.0
2022,Tomáš Enge,0.0
2023,Tomáš Enge,0.0
2024,Tomáš Enge,0.0
2025,Tomáš Enge,0.0
2026,Tomáš Enge,0.0
2000,Alex Yoong,0.0
2001,Alex Yoong,0.0
2002,Alex Yoong,0.0
2003,Alex Yoong,0.0
2004,Alex Yoong,0.0
2005,Alex Yoong,0.0
2006,Alex Yoong,0.0
2007,Alex Yoong,0.0
2008,Alex Yoong,0.0
2009,Alex Yoong,0.0
2010,Alex Yoong,0.0
2011,Alex Yoong,0.0
2012,Alex Yoong,0.0
2013,Alex Yoong,0.0
2014,Alex Yoong,0.0
2015,Alex Yoong,0.0
2016,Alex Yoong,0.0
2017,Alex Yoong,0.0
2018,Alex Yoong,0.0
2019,Alex Yoong,0.0
2020,Alex Yoong,0.0
2021,Alex Yoong,0.0
2022,Alex Yoong,0.0
2023,Alex Yoong,0.0
2024,Alex Yoong,0.0
2025,Alex Yoong,0.0
2026,Alex Yoong,0.0
2000,Felipe Massa,0.0
2001,Felipe Massa,0.0
2002,Felipe Massa,4.0
2003,Felipe Massa,0.0
2004,Felipe Massa,12.0
2005,Felipe Massa,11.0
2006,Felipe Massa,80.0
2007,Felipe Massa,94.0
2008,Felipe Massa,97.0
2009,Felipe Massa,22.0
2010,Felipe Massa,144.0
2011,Felipe Massa,118.0
2012,Felipe Massa,122.0
2013,Felipe Massa,112.0
2014,Felipe Massa,134.0
2015,Felipe Massa,121.0
2016,Felipe Massa,53.0
2017,Felipe Massa,43.0
2018,Felipe Massa,0.0
2019,Felipe Massa,0.0
2020,Felipe Massa,0.0
2021,Felipe Massa,0.0
2022,Felipe Massa,0.0
2023,Felipe Massa,0.0
2024,Felipe Massa,0.0
2025,Felipe Massa,0.0
2026,Felipe Massa,0.0
2000,Takuma Sato,0.0
2001,Takuma Sato,0.0
2002,Takuma Sato,2.0
2003,Takuma Sato,3.0
2004,Takuma Sato,34.0
2005,Takuma Sato,1.0
2006,Takuma Sato,0.0
2007,Takuma Sato,4.0
2008,Takuma Sato,0.0
2009,Takuma Sato,0.0
2010,Takuma Sato,0.0
2011,Takuma Sato,0.0
2012,Takuma Sato,0.0
2013,Takuma Sato,0.0
2014,Takuma Sato,0.0
2015,Takuma Sato,0.0
2016,Takuma Sato,0.0
2017,Takuma Sato,0.0
2018,Takuma Sato,0.0
2019,Takuma Sato,0.0
2020,Takuma Sato,0.0
2021,Takuma Sato,0.0
2022,Takuma Sato,0.0
2023,Takuma Sato,0.0
2024,Takuma Sato,0.0
2025,Takuma Sato,0.0
2026,Takuma Sato,0.0
2000,Mark Webber,0.0
2001,Mark Webber,0.0
2002,Mark Webber,2.0
2003,Mark Webber,17.0
2004,Mark Webber,7.0
2005,Mark Webber,36.0
2006,Mark Webber,7.0
2007,Mark Webber,10.0
2008,Mark Webber,21.0
2009,Mark Webber,69.5
2010,Mark Webber,242.0
2011,Mark Webber,258.0
2012,Mark Webber,179.0
2013,Mark Webber,199.0
2014,Mark Webber,0.0
2015,Mark Webber,0.0
2016,Mark Webber,0.0
2017,Mark Webber,0.0
2018,Mark Webber,0.0
2019,Mark Webber,0.0
2020,Mark Webber,0.0
2021,Mark Webber,0.0
2022,Mark Webber,0.0
2023,Mark Webber,0.0
2024,Mark Webber,0.0
2025,Mark Webber,0.0
2026,Mark Webber,0.0
2000,Allan McNish,0.0
2001,Allan McNish,0.0
2002,Allan McNish,0.0
2003,Allan McNish,0.0
2004,Allan McNish,0.0
2005,Allan McNish,0.0
2006,Allan McNish,0.0
2007,Allan McNish,0.0
2008,Allan McNish,0.0
2009,Allan McNish,0.0
2010,Allan McNish,0.0
2011,Allan McNish,0.0
2012,Allan McNish,0.0
2013,Allan McNish,0.0
2014,Allan McNish,0.0
2015,Allan McNish,0.0
2016,Allan McNish,0.0
2017,Allan McNish,0.0
2018,Allan McNish,0.0
2019,Allan McNish,0.0
2020,Allan McNish,0.0
2021,Allan McNish,0.0
2022,Allan McNish,0.0
2023,Allan McNish,0.0
2024,Allan McNish,0.0
2025,Allan McNish,0.0
2026,Allan McNish,0.0
2000,Anthony Davidson,0.0
2001,Anthony Davidson,0.0
2002,Anthony Davidson,0.0
2003,Anthony Davidson,0.0
2004,Anthony Davidson,0.0
2005,Anthony Davidson,0.0
2006,Anthony Davidson,0.0
2007,Anthony Davidson,0.0
2008,Anthony Davidson,0.0
2009,Anthony Davidson,0.0
2010,Anthony Davidson,0.0
2011,Anthony Davidson,0.0
2012,Anthony Davidson,0.0
2013,Anthony Davidson,0.0
2014,Anthony Davidson,0.0
2015,Anthony Davidson,0.0
2016,Anthony Davidson,0.0
2017,Anthony Davidson,0.0
2018,Anthony Davidson,0.0
2019,Anthony Davidson,0.0
2020,Anthony Davidson,0.0
2021,Anthony Davidson,0.0
2022,Anthony Davidson,0.0
2023,Anthony Davidson,0.0
2024,Anthony Davidson,0.0
2025,Anthony Davidson,0.0
2026,Anthony Davidson,0.0
2000,Cristiano da Matta,0.0
2001,Cristiano da Matta,0.0
2002,Cristiano da Matta,0.0
2003,Cristiano da Matta,10.0
2004,Cristiano da Matta,3.0
2005,Cristiano da Matta,0.0
2006,Cristiano da Matta,0.0
2007,Cristiano da Matta,0.0
2008,Cristiano da Matta,0.0
2009,Cristiano da Matta,0.0
2010,Cristiano da Matta,0.0
2011,Cristiano da Matta,0.0
2012,Cristiano da Matta,0.0
2013,Cristiano da Matta,0.0
2014,Cristiano da Matta,0.0
2015,Cristiano da Matta,0.0
2016,Cristiano da Matta,0.0
2017,Cristiano da Matta,0.0
2018,Cristiano da Matta,0.0
2019,Cristiano da Matta,0.0
2020,Cristiano da Matta,0.0
2021,Cristiano da Matta,0.0
2022,Cristiano da Matta,0.0
2023,Cristiano da Matta,0.0
2024,Cristiano da Matta,0.0
2025,Cristiano da Matta,0.0
2026,Cristiano da Matta,0.0
2000,Ralph Firman,0.0
2001,Ralph Firman,0.0
2002,Ralph Firman,0.0
2003,Ralph Firman,1.0
2004,Ralph Firman,0.0
2005,Ralph Firman,0.0
2006,Ralph Firman,0.0
2007,Ralph Firman,0.0
2008,Ralph Firman,0.0
2009,Ralph Firman,0.0
2010,Ralph Firman,0.0
2011,Ralph Firman,0.0
2012,Ralph Firman,0.0
2013,Ralph Firman,0.0
2014,Ralph Firman,0.0
2015,Ralph Firman,0.0
2016,Ralph Firman,0.0
2017,Ralph Firman,0.0
2018,Ralph Firman,0.0
2019,Ralph Firman,0.0
2020,Ralph Firman,0.0
2021,Ralph Firman,0.0
2022,Ralph Firman,0.0
2023,Ralph Firman,0.0
2024,Ralph Firman,0.0
2025,Ralph Firman,0.0
2026,Ralph Firman,0.0
2000,Justin Wilson,0.0
2001,Justin Wilson,0.0
2002,Justin Wilson,0.0
2003,Justin Wilson,1.0
2004,Justin Wilson,0.0
2005,Justin Wilson,0.0
2006,Justin Wilson,0.0
2007,Justin Wilson,0.0
2008,Justin Wilson,0.0
2009,Justin Wilson,0.0
2010,Justin Wilson,0.0
2011,Justin Wilson,0.0
2012,Justin Wilson,0.0
2013,Justin Wilson,0.0
2014,Justin Wilson,0.0
2015,Justin Wilson,0.0
2016,Justin Wilson,0.0
2017,Justin Wilson,0.0
2018,Justin Wilson,0.0
2019,Justin Wilson,0.0
2020,Justin Wilson,0.0
2021,Justin Wilson,0.0
2022,Justin Wilson,0.0
2023,Justin Wilson,0.0
2024,Justin Wilson,0.0
2025,Justin Wilson,0.0
2026,Justin Wilson,0.0
2000,Antônio Pizzonia,0.0
2001,Antônio Pizzonia,0.0
2002,Antônio Pizzonia,0.0
2003,Antônio Pizzonia,0.0
2004,Antônio Pizzonia,6.0
2005,Antônio Pizzonia,2.0
2006,Antônio Pizzonia,0.0
2007,Antônio Pizzonia,0.0
2008,Antônio Pizzonia,0.0
2009,Antônio Pizzonia,0.0
2010,Antônio Pizzonia,0.0
2011,Antônio Pizzonia,0.0
2012,Antônio Pizzonia,0.0
2013,Antônio Pizzonia,0.0
2014,Antônio Pizzonia,0.0
2015,Antônio Pizzonia,0.0
2016,Antônio Pizzonia,0.0
2017,Antônio Pizzonia,0.0
2018,Antônio Pizzonia,0.0
2019,Antônio Pizzonia,0.0
2020,Antônio Pizzonia,0.0
2021,Antônio Pizzonia,0.0
2022,Antônio Pizzonia,0.0
2023,Antônio Pizzonia,0.0
2024,Antônio Pizzonia,0.0
2025,Antônio Pizzonia,0.0
2026,Antônio Pizzonia,0.0
2000,Nicolas Kiesa,0.0
2001,Nicolas Kiesa,0.0
2002,Nicolas Kiesa,0.0
2003,Nicolas Kiesa,0.0
2004,Nicolas Kiesa,0.0
2005,Nicolas Kiesa,0.0
2006,Nicolas Kiesa,0.0
2007,Nicolas Kiesa,0.0
2008,Nicolas Kiesa,0.0
2009,Nicolas Kiesa,0.0
2010,Nicolas Kiesa,0.0
2011,Nicolas Kiesa,0.0
2012,Nicolas Kiesa,0.0
2013,Nicolas Kiesa,0.0
2014,Nicolas Kiesa,0.0
2015,Nicolas Kiesa,0.0
2016,Nicolas Kiesa,0.0
2017,Nicolas Kiesa,0.0
2018,Nicolas Kiesa,0.0
2019,Nicolas Kiesa,0.0
2020,Nicolas Kiesa,0.0
2021,Nicolas Kiesa,0.0
2022,Nicolas Kiesa,0.0
2023,Nicolas Kiesa,0.0
2024,Nicolas Kiesa,0.0
2025,Nicolas Kiesa,0.0
2026,Nicolas Kiesa,0.0
2000,Zsolt Baumgartner,0.0
2001,Zsolt Baumgartner,0.0
2002,Zsolt Baumgartner,0.0
2003,Zsolt Baumgartner,0.0
2004,Zsolt Baumgartner,1.0
2005,Zsolt Baumgartner,0.0
2006,Zsolt Baumgartner,0.0
2007,Zsolt Baumgartner,0.0
2008,Zsolt Baumgartner,0.0
2009,Zsolt Baumgartner,0.0
2010,Zsolt Baumgartner,0.0
2011,Zsolt Baumgartner,0.0
2012,Zsolt Baumgartner,0.0
2013,Zsolt Baumgartner,0.0
2014,Zsolt Baumgartner,0.0
2015,Zsolt Baumgartner,0.0
2016,Zsolt Baumgartner,0.0
2017,Zsolt Baumgartner,0.0
2018,Zsolt Baumgartner,0.0
2019,Zsolt Baumgartner,0.0
2020,Zsolt Baumgartner,0.0
2021,Zsolt Baumgartner,0.0
2022,Zsolt Baumgartner,0.0
2023,Zsolt Baumgartner,0.0
2024,Zsolt Baumgartner,0.0
2025,Zsolt Baumgartner,0.0
2026,Zsolt Baumgartner,0.0
2000,Christian Klien,0.0
2001,Christian Klien,0.0
2002,Christian Klien,0.0
2003,Christian Klien,0.0
2004,Christian Klien,3.0
2005,Christian Klien,9.0
2006,Christian Klien,2.0
2007,Christian Klien,0.0
2008,Christian Klien,0.0
2009,Christian Klien,0.0
2010,Christian Klien,0.0
2011,Christian Klien,0.0
2012,Christian Klien,0.0
2013,Christian Klien,0.0
2014,Christian Klien,0.0
2015,Christian Klien,0.0
2016,Christian Klien,0.0
2017,Christian Klien,0.0
2018,Christian Klien,0.0
2019,Christian Klien,0.0
2020,Christian Klien,0.0
2021,Christian Klien,0.0
2022,Christian Klien,0.0
2023,Christian Klien,0.0
2024,Christian Klien,0.0
2025,Christian Klien,0.0
2026,Christian Klien,0.0
2000,Timo Glock,0.0
2001,Timo Glock,0.0
2002,Timo Glock,0.0
2003,Timo Glock,0.0
2004,Timo Glock,2.0
2005,Timo Glock,0.0
2006,Timo Glock,0.0
2007,Timo Glock,0.0
2008,Timo Glock,25.0
2009,Timo Glock,24.0
2010,Timo Glock,0.0
2011,Timo Glock,0.0
2012,Timo Glock,0.0
2013,Timo Glock,0.0
2014,Timo Glock,0.0
2015,Timo Glock,0.0
2016,Timo Glock,0.0
2017,Timo Glock,0.0
2018,Timo Glock,0.0
2019,Timo Glock,0.0
2020,Timo Glock,0.0
2021,Timo Glock,0.0
2022,Timo Glock,0.0
2023,Timo Glock,0.0
2024,Timo Glock,0.0
2025,Timo Glock,0.0
2026,Timo Glock,0.0
2000,Giorgio Pantano,0.0
2001,Giorgio Pantano,0.0
2002,Giorgio Pantano,0.0
2003,Giorgio Pantano,0.0
2004,Giorgio Pantano,0.0
2005,Giorgio Pantano,0.0
2006,Giorgio Pantano,0.0
2007,Giorgio Pantano,0.0
2008,Giorgio Pantano,0.0
2009,Giorgio Pantano,0.0
2010,Giorgio Pantano,0.0
2011,Giorgio Pantano,0.0
2012,Giorgio Pantano,0.0
2013,Giorgio Pantano,0.0
2014,Giorgio Pantano,0.0
2015,Giorgio Pantano,0.0
2016,Giorgio Pantano,0.0
2017,Giorgio Pantano,0.0
2018,Giorgio Pantano,0.0
2019,Giorgio Pantano,0.0
2020,Giorgio Pantano,0.0
2021,Giorgio Pantano,0.0
2022,Giorgio Pantano,0.0
2023,Giorgio Pantano,0.0
2024,Giorgio Pantano,0.0
2025,Giorgio Pantano,0.0
2026,Giorgio Pantano,0.0
2000,Gianmaria Bruni,0.0
2001,Gianmaria Bruni,0.0
2002,Gianmaria Bruni,0.0
2003,Gianmaria Bruni,0.0
2004,Gianmaria Bruni,0.0
2005,Gianmaria Bruni,0.0
2006,Gianmaria Bruni,0.0
2007,Gianmaria Bruni,0.0
2008,Gianmaria Bruni,0.0
2009,Gianmaria Bruni,0.0
2010,Gianmaria Bruni,0.0
2011,Gianmaria Bruni,0.0
2012,Gianmaria Bruni,0.0
2013,Gianmaria Bruni,0.0
2014,Gianmaria Bruni,0.0
2015,Gianmaria Bruni,0.0
2016,Gianmaria Bruni,0.0
2017,Gianmaria Bruni,0.0
2018,Gianmaria Bruni,0.0
2019,Gianmaria Bruni,0.0
2020,Gianmaria Bruni,0.0
2021,Gianmaria Bruni,0.0
2022,Gianmaria Bruni,0.0
2023,Gianmaria Bruni,0.0
2024,Gianmaria Bruni,0.0
2025,Gianmaria Bruni,0.0
2026,Gianmaria Bruni,0.0
2000,Tiago Monteiro,0.0
2001,Tiago Monteiro,0.0
2002,Tiago Monteiro,0.0
2003,Tiago Monteiro,0.0
2004,Tiago Monteiro,0.0
2005,Tiago Monteiro,7.0
2006,Tiago Monteiro,0.0
2007,Tiago Monteiro,0.0
2008,Tiago Monteiro,0.0
2009,Tiago Monteiro,0.0
2010,Tiago Monteiro,0.0
2011,Tiago Monteiro,0.0
2012,Tiago Monteiro,0.0
2013,Tiago Monteiro,0.0
2014,Tiago Monteiro,0.0
2015,Tiago Monteiro,0.0
2016,Tiago Monteiro,0.0
2017,Tiago Monteiro,0.0
2018,Tiago Monteiro,0.0
2019,Tiago Monteiro,0.0
2020,Tiago Monteiro,0.0
2021,Tiago Monteiro,0.0
2022,Tiago Monteiro,0.0
2023,Tiago Monteiro,0.0
2024,Tiago Monteiro,0.0
2025,Tiago Monteiro,0.0
2026,Tiago Monteiro,0.0
2000,Narain Karthikeyan,0.0
2001,Narain Karthikeyan,0.0
2002,Narain Karthikeyan,0.0
2003,Narain Karthikeyan,0.0
2004,Narain Karthikeyan,0.0
2005,Narain Karthikeyan,5.0
2006,Narain Karthikeyan,0.0
2007,Narain Karthikeyan,0.0
2008,Narain Karthikeyan,0.0
2009,Narain Karthikeyan,0.0
2010,Narain Karthikeyan,0.0
2011,Narain Karthikeyan,0.0
2012,Narain Karthikeyan,0.0
2013,Narain Karthikeyan,0.0
2014,Narain Karthikeyan,0.0
2015,Narain Karthikeyan,0.0
2016,Narain Karthikeyan,0.0
2017,Narain Karthikeyan,0.0
2018,Narain Karthikeyan,0.0
2019,Narain Karthikeyan,0.0
2020,Narain Karthikeyan,0.0
2021,Narain Karthikeyan,0.0
2022,Narain Karthikeyan,0.0
2023,Narain Karthikeyan,0.0
2024,Narain Karthikeyan,0.0
2025,Narain Karthikeyan,0.0
2026,Narain Karthikeyan,0.0
2000,Christijan Albers,0.0
2001,Christijan Albers,0.0
2002,Christijan Albers,0.0
2003,Christijan Albers,0.0
2004,Christijan Albers,0.0
2005,Christijan Albers,4.0
2006,Christijan Albers,0.0
2007,Christijan Albers,0.0
2008,Christijan Albers,0.0
2009,Christijan Albers,0.0
2010,Christijan Albers,0.0
2011,Christijan Albers,0.0
2012,Christijan Albers,0.0
2013,Christijan Albers,0.0
2014,Christijan Albers,0.0
2015,Christijan Albers,0.0
2016,Christijan Albers,0.0
2017,Christijan Albers,0.0
2018,Christijan Albers,0.0
2019,Christijan Albers,0.0
2020,Christijan Albers,0.0
2021,Christijan Albers,0.0
2022,Christijan Albers,0.0
2023,Christijan Albers,0.0
2024,Christijan Albers,0.0
2025,Christijan Albers,0.0
2026,Christijan Albers,0.0
2000,Patrick Friesacher,0.0
2001,Patrick Friesacher,0.0
2002,Patrick Friesacher,0.0
2003,Patrick Friesacher,0.0
2004,Patrick Friesacher,0.0
2005,Patrick Friesacher,3.0
2006,Patrick Friesacher,0.0
2007,Patrick Friesacher,0.0
2008,Patrick Friesacher,0.0
2009,Patrick Friesacher,0.0
2010,Patrick Friesacher,0.0
2011,Patrick Friesacher,0.0
2012,Patrick Friesacher,0.0
2013,Patrick Friesacher,0.0
2014,Patrick Friesacher,0.0
2015,Patrick Friesacher,0.0
2016,Patrick Friesacher,0.0
2017,Patrick Friesacher,0.0
2018,Patrick Friesacher,0.0
2019,Patrick Friesacher,0.0
2020,Patrick Friesacher,0.0
2021,Patrick Friesacher,0.0
2022,Patrick Friesacher,0.0
2023,Patrick Friesacher,0.0
2024,Patrick Friesacher,0.0
2025,Patrick Friesacher,0.0
2026,Patrick Friesacher,0.0
2000,Vitantonio Liuzzi,0.0
2001,Vitantonio Liuzzi,0.0
2002,Vitantonio Liuzzi,0.0
2003,Vitantonio Liuzzi,0.0
2004,Vitantonio Liuzzi,0.0
2005,Vitantonio Liuzzi,1.0
2006,Vitantonio Liuzzi,1.0
2007,Vitantonio Liuzzi,3.0
2008,Vitantonio Liuzzi,0.0
2009,Vitantonio Liuzzi,0.0
2010,Vitantonio Liuzzi,21.0
2011,Vitantonio Liuzzi,0.0
2012,Vitantonio Liuzzi,0.0
2013,Vitantonio Liuzzi,0.0
2014,Vitantonio Liuzzi,0.0
2015,Vitantonio Liuzzi,0.0
2016,Vitantonio Liuzzi,0.0
2017,Vitantonio Liuzzi,0.0
2018,Vitantonio Liuzzi,0.0
2019,Vitantonio Liuzzi,0.0
2020,Vitantonio Liuzzi,0.0
2021,Vitantonio Liuzzi,0.0
2022,Vitantonio Liuzzi,0.0
2023,Vitantonio Liuzzi,0.0
2024,Vitantonio Liuzzi,0.0
2025,Vitantonio Liuzzi,0.0
2026,Vitantonio Liuzzi,0.0
2000,Robert Doornbos,0.0
2001,Robert Doornbos,0.0
2002,Robert Doornbos,0.0
2003,Robert Doornbos,0.0
2004,Robert Doornbos,0.0
2005,Robert Doornbos,0.0
2006,Robert Doornbos,0.0
2007,Robert Doornbos,0.0
2008,Robert Doornbos,0.0
2009,Robert Doornbos,0.0
2010,Robert Doornbos,0.0
2011,Robert Doornbos,0.0
2012,Robert Doornbos,0.0
2013,Robert Doornbos,0.0
2014,Robert Doornbos,0.0
2015,Robert Doornbos,0.0
2016,Robert Doornbos,0.0
2017,Robert Doornbos,0.0
2018,Robert Doornbos,0.0
2019,Robert Doornbos,0.0
2020,Robert Doornbos,0.0
2021,Robert Doornbos,0.0
2022,Robert Doornbos,0.0
2023,Robert Doornbos,0.0
2024,Robert Doornbos,0.0
2025,Robert Doornbos,0.0
2026,Robert Doornbos,0.0
2000,Robert Kubica,0.0
2001,Robert Kubica,0.0
2002,Robert Kubica,0.0
2003,Robert Kubica,0.0
2004,Robert Kubica,0.0
2005,Robert Kubica,0.0
2006,Robert Kubica,6.0
2007,Robert Kubica,39.0
2008,Robert Kubica,75.0
2009,Robert Kubica,17.0
2010,Robert Kubica,136.0
2011,Robert Kubica,0.0
2012,Robert Kubica,0.0
2013,Robert Kubica,0.0
2014,Robert Kubica,0.0
2015,Robert Kubica,0.0
2016,Robert Kubica,0.0
2017,Robert Kubica,0.0
2018,Robert Kubica,0.0
2019,Robert Kubica,1.0
2020,Robert Kubica,0.0
2021,Robert Kubica,0.0
2022,Robert Kubica,0.0
2023,Robert Kubica,0.0
2024,Robert Kubica,0.0
2025,Robert Kubica,0.0
2026,Robert Kubica,0.0
2000,Nico Rosberg,0.0
2001,Nico Rosberg,0.0
2002,Nico Rosberg,0.0
2003,Nico Rosberg,0.0
2004,Nico Rosberg,0.0
2005,Nico Rosberg,0.0
2006,Nico Rosberg,4.0
2007,Nico Rosberg,20.0
2008,Nico Rosberg,17.0
2009,Nico Rosberg,34.5
2010,Nico Rosberg,142.0
2011,Nico Rosberg,89.0
2012,Nico Rosberg,93.0
2013,Nico Rosberg,171.0
2014,Nico Rosberg,317.0
2015,Nico Rosberg,322.0
2016,Nico Rosberg,385.0
2017,Nico Rosberg,0.0
2018,Nico Rosberg,0.0
2019,Nico Rosberg,0.0
2020,Nico Rosberg,0.0
2021,Nico Rosberg,0.0
2022,Nico Rosberg,0.0
2023,Nico Rosberg,0.0
2024,Nico Rosberg,0.0
2025,Nico Rosberg,0.0
2026,Nico Rosberg,0.0
2000,Scott Speed,0.0
2001,Scott Speed,0.0
2002,Scott Speed,0.0
2003,Scott Speed,0.0
2004,Scott Speed,0.0
2005,Scott Speed,0.0
2006,Scott Speed,0.0
2007,Scott Speed,0.0
2008,Scott Speed,0.0
2009,Scott Speed,0.0
2010,Scott Speed,0.0
2011,Scott Speed,0.0
2012,Scott Speed,0.0
2013,Scott Speed,0.0
2014,Scott Speed,0.0
2015,Scott Speed,0.0
2016,Scott Speed,0.0
2017,Scott Speed,0.0
2018,Scott Speed,0.0
2019,Scott Speed,0.0
2020,Scott Speed,0.0
2021,Scott Speed,0.0
2022,Scott Speed,0.0
2023,Scott Speed,0.0
2024,Scott Speed,0.0
2025,Scott Speed,0.0
2026,Scott Speed,0.0
2000,Yuji Ide,0.0
2001,Yuji Ide,0.0
2002,Yuji Ide,0.0
2003,Yuji Ide,0.0
2004,Yuji Ide,0.0
2005,Yuji Ide,0.0
2006,Yuji Ide,0.0
2007,Yuji Ide,0.0
2008,Yuji Ide,0.0
2009,Yuji Ide,0.0
2010,Yuji Ide,0.0
2011,Yuji Ide,0.0
2012,Yuji Ide,0.0
2013,Yuji Ide,0.0
2014,Yuji Ide,0.0
2015,Yuji Ide,0.0
2016,Yuji Ide,0.0
2017,Yuji Ide,0.0
2018,Yuji Ide,0.0
2019,Yuji Ide,0.0
2020,Yuji Ide,0.0
2021,Yuji Ide,0.0
2022,Yuji Ide,0.0
2023,Yuji Ide,0.0
2024,Yuji Ide,0.0
2025,Yuji Ide,0.0
2026,Yuji Ide,0.0
2000,Sakon Yamamoto,0.0
2001,Sakon Yamamoto,0.0
2002,Sakon Yamamoto,0.0
2003,Sakon Yamamoto,0.0
2004,Sakon Yamamoto,0.0
2005,Sakon Yamamoto,0.0
2006,Sakon Yamamoto,0.0
2007,Sakon Yamamoto,0.0
2008,Sakon Yamamoto,0.0
2009,Sakon Yamamoto,0.0
2010,Sakon Yamamoto,0.0
2011,Sakon Yamamoto,0.0
2012,Sakon Yamamoto,0.0
2013,Sakon Yamamoto,0.0
2014,Sakon Yamamoto,0.0
2015,Sakon Yamamoto,0.0
2016,Sakon Yamamoto,0.0
2017,Sakon Yamamoto,0.0
2018,Sakon Yamamoto,0.0
2019,Sakon Yamamoto,0.0
2020,Sakon Yamamoto,0.0
2021,Sakon Yamamoto,0.0
2022,Sakon Yamamoto,0.0
2023,Sakon Yamamoto,0.0
2024,Sakon Yamamoto,0.0
2025,Sakon Yamamoto,0.0
2026,Sakon Yamamoto,0.0
2000,Franck Montagny,0.0
2001,Franck Montagny,0.0
2002,Franck Montagny,0.0
2003,Franck Montagny,0.0
2004,Franck Montagny,0.0
2005,Franck Montagny,0.0
2006,Franck Montagny,0.0
2007,Franck Montagny,0.0
2008,Franck Montagny,0.0
2009,Franck Montagny,0.0
2010,Franck Montagny,0.0
2011,Franck Montagny,0.0
2012,Franck Montagny,0.0
2013,Franck Montagny,0.0
2014,Franck Montagny,0.0
2015,Franck Montagny,0.0
2016,Franck Montagny,0.0
2017,Franck Montagny,0.0
2018,Franck Montagny,0.0
2019,Franck Montagny,0.0
2020,Franck Montagny,0.0
2021,Franck Montagny,0.0
2022,Franck Montagny,0.0
2023,Franck Montagny,0.0
2024,Franck Montagny,0.0
2025,Franck Montagny,0.0
2026,Franck Montagny,0.0
2000,Lewis Hamilton,0.0
2001,Lewis Hamilton,0.0
2002,Lewis Hamilton,0.0
2003,Lewis Hamilton,0.0
2004,Lewis Hamilton,0.0
2005,Lewis Hamilton,0.0
2006,Lewis Hamilton,0.0
2007,Lewis Hamilton,109.0
2008,Lewis Hamilton,98.0
2009,Lewis Hamilton,49.0
2010,Lewis Hamilton,240.0
2011,Lewis Hamilton,227.0
2012,Lewis Hamilton,190.0
2013,Lewis Hamilton,189.0
2014,Lewis Hamilton,384.0
2015,Lewis Hamilton,381.0
2016,Lewis Hamilton,380.0
2017,Lewis Hamilton,363.0
2018,Lewis Hamilton,408.0
2019,Lewis Hamilton,413.0
2020,Lewis Hamilton,347.0
2021,Lewis Hamilton,387.5
2022,Lewis Hamilton,240.0
2023,Lewis Hamilton,234.0
2024,Lewis Hamilton,223.0
2025,Lewis Hamilton,156.0
2026,Lewis Hamilton,147.0
2000,Heikki Kovalainen,0.0
2001,Heikki Kovalainen,0.0
2002,Heikki Kovalainen,0.0
2003,Heikki Kovalainen,0.0
2004,Heikki Kovalainen,0.0
2005,Heikki Kovalainen,0.0
2006,Heikki Kovalainen,0.0
2007,Heikki Kovalainen,30.0
2008,Heikki Kovalainen,53.0
2009,Heikki Kovalainen,22.0
2010,Heikki Kovalainen,0.0
2011,Heikki Kovalainen,0.0
2012,Heikki Kovalainen,0.0
2013,Heikki Kovalainen,0.0
2014,Heikki Kovalainen,0.0
2015,Heikki Kovalainen,0.0
2016,Heikki Kovalainen,0.0
2017,Heikki Kovalainen,0.0
2018,Heikki Kovalainen,0.0
2019,Heikki Kovalainen,0.0
2020,Heikki Kovalainen,0.0
2021,Heikki Kovalainen,0.0
2022,Heikki Kovalainen,0.0
2023,Heikki Kovalainen,0.0
2024,Heikki Kovalainen,0.0
2025,Heikki Kovalainen,0.0
2026,Heikki Kovalainen,0.0
2000,Sebastian Vettel,0.0
2001,Sebastian Vettel,0.0
2002,Sebastian Vettel,0.0
2003,Sebastian Vettel,0.0
2004,Sebastian Vettel,0.0
2005,Sebastian Vettel,0.0
2006,Sebastian Vettel,0.0
2007,Sebastian Vettel,6.0
2008,Sebastian Vettel,35.0
2009,Sebastian Vettel,84.0
2010,Sebastian Vettel,256.0
2011,Sebastian Vettel,392.0
2012,Sebastian Vettel,281.0
2013,Sebastian Vettel,397.0
2014,Sebastian Vettel,167.0
2015,Sebastian Vettel,278.0
2016,Sebastian Vettel,212.0
2017,Sebastian Vettel,317.0
2018,Sebastian Vettel,320.0
2019,Sebastian Vettel,240.0
2020,Sebastian Vettel,33.0
2021,Sebastian Vettel,43.0
2022,Sebastian Vettel,37.0
2023,Sebastian Vettel,0.0
2024,Sebastian Vettel,0.0
2025,Sebastian Vettel,0.0
2026,Sebastian Vettel,0.0
2000,Adrian Sutil,0.0
2001,Adrian Sutil,0.0
2002,Adrian Sutil,0.0
2003,Adrian Sutil,0.0
2004,Adrian Sutil,0.0
2005,Adrian Sutil,0.0
2006,Adrian Sutil,0.0
2007,Adrian Sutil,1.0
2008,Adrian Sutil,0.0
2009,Adrian Sutil,5.0
2010,Adrian Sutil,47.0
2011,Adrian Sutil,42.0
2012,Adrian Sutil,0.0
2013,Adrian Sutil,29.0
2014,Adrian Sutil,0.0
2015,Adrian Sutil,0.0
2016,Adrian Sutil,0.0
2017,Adrian Sutil,0.0
2018,Adrian Sutil,0.0
2019,Adrian Sutil,0.0
2020,Adrian Sutil,0.0
2021,Adrian Sutil,0.0
2022,Adrian Sutil,0.0
2023,Adrian Sutil,0.0
2024,Adrian Sutil,0.0
2025,Adrian Sutil,0.0
2026,Adrian Sutil,0.0
2000,Kazuki Nakajima,0.0
2001,Kazuki Nakajima,0.0
2002,Kazuki Nakajima,0.0
2003,Kazuki Nakajima,0.0
2004,Kazuki Nakajima,0.0
2005,Kazuki Nakajima,0.0
2006,Kazuki Nakajima,0.0
2007,Kazuki Nakajima,0.0
2008,Kazuki Nakajima,9.0
2009,Kazuki Nakajima,0.0
2010,Kazuki Nakajima,0.0
2011,Kazuki Nakajima,0.0
2012,Kazuki Nakajima,0.0
2013,Kazuki Nakajima,0.0
2014,Kazuki Nakajima,0.0
2015,Kazuki Nakajima,0.0
2016,Kazuki Nakajima,0.0
2017,Kazuki Nakajima,0.0
2018,Kazuki Nakajima,0.0
2019,Kazuki Nakajima,0.0
2020,Kazuki Nakajima,0.0
2021,Kazuki Nakajima,0.0
2022,Kazuki Nakajima,0.0
2023,Kazuki Nakajima,0.0
2024,Kazuki Nakajima,0.0
2025,Kazuki Nakajima,0.0
2026,Kazuki Nakajima,0.0
2000,Markus Winkelhock,0.0
2001,Markus Winkelhock,0.0
2002,Markus Winkelhock,0.0
2003,Markus Winkelhock,0.0
2004,Markus Winkelhock,0.0
2005,Markus Winkelhock,0.0
2006,Markus Winkelhock,0.0
2007,Markus Winkelhock,0.0
2008,Markus Winkelhock,0.0
2009,Markus Winkelhock,0.0
2010,Markus Winkelhock,0.0
2011,Markus Winkelhock,0.0
2012,Markus Winkelhock,0.0
2013,Markus Winkelhock,0.0
2014,Markus Winkelhock,0.0
2015,Markus Winkelhock,0.0
2016,Markus Winkelhock,0.0
2017,Markus Winkelhock,0.0
2018,Markus Winkelhock,0.0
2019,Markus Winkelhock,0.0
2020,Markus Winkelhock,0.0
2021,Markus Winkelhock,0.0
2022,Markus Winkelhock,0.0
2023,Markus Winkelhock,0.0
2024,Markus Winkelhock,0.0
2025,Markus Winkelhock,0.0
2026,Markus Winkelhock,0.0
2000,Nelson Piquet Jr.,0.0
2001,Nelson Piquet Jr.,0.0
2002,Nelson Piquet Jr.,0.0
2003,Nelson Piquet Jr.,0.0
2004,Nelson Piquet Jr.,0.0
2005,Nelson Piquet Jr.,0.0
2006,Nelson Piquet Jr.,0.0
2007,Nelson Piquet Jr.,0.0
2008,Nelson Piquet Jr.,19.0
2009,Nelson Piquet Jr.,0.0
2010,Nelson Piquet Jr.,0.0
2011,Nelson Piquet Jr.,0.0
2012,Nelson Piquet Jr.,0.0
2013,Nelson Piquet Jr.,0.0
2014,Nelson Piquet Jr.,0.0
2015,Nelson Piquet Jr.,0.0
2016,Nelson Piquet Jr.,0.0
2017,Nelson Piquet Jr.,0.0
2018,Nelson Piquet Jr.,0.0
2019,Nelson Piquet Jr.,0.0
2020,Nelson Piquet Jr.,0.0
2021,Nelson Piquet Jr.,0.0
2022,Nelson Piquet Jr.,0.0
2023,Nelson Piquet Jr.,0.0
2024,Nelson Piquet Jr.,0.0
2025,Nelson Piquet Jr.,0.0
2026,Nelson Piquet Jr.,0.0
2000,Sébastien Bourdais,0.0
2001,Sébastien Bourdais,0.0
2002,Sébastien Bourdais,0.0
2003,Sébastien Bourdais,0.0
2004,Sébastien Bourdais,0.0
2005,Sébastien Bourdais,0.0
2006,Sébastien Bourdais,0.0
2007,Sébastien Bourdais,0.0
2008,Sébastien Bourdais,4.0
2009,Sébastien Bourdais,2.0
2010,Sébastien Bourdais,0.0
2011,Sébastien Bourdais,0.0
2012,Sébastien Bourdais,0.0
2013,Sébastien Bourdais,0.0
2014,Sébastien Bourdais,0.0
2015,Sébastien Bourdais,0.0
2016,Sébastien Bourdais,0.0
2017,Sébastien Bourdais,0.0
2018,Sébastien Bourdais,0.0
2019,Sébastien Bourdais,0.0
2020,Sébastien Bourdais,0.0
2021,Sébastien Bourdais,0.0
2022,Sébastien Bourdais,0.0
2023,Sébastien Bourdais,0.0
2024,Sébastien Bourdais,0.0
2025,Sébastien Bourdais,0.0
2026,Sébastien Bourdais,0.0
2000,Sébastien Buemi,0.0
2001,Sébastien Buemi,0.0
2002,Sébastien Buemi,0.0
2003,Sébastien Buemi,0.0
2004,Sébastien Buemi,0.0
2005,Sébastien Buemi,0.0
2006,Sébastien Buemi,0.0
2007,Sébastien Buemi,0.0
2008,Sébastien Buemi,0.0
2009,Sébastien Buemi,6.0
2010,Sébastien Buemi,8.0
2011,Sébastien Buemi,15.0
2012,Sébastien Buemi,0.0
2013,Sébastien Buemi,0.0
2014,Sébastien Buemi,0.0
2015,Sébastien Buemi,0.0
2016,Sébastien Buemi,0.0
2017,Sébastien Buemi,0.0
2018,Sébastien Buemi,0.0
2019,Sébastien Buemi,0.0
2020,Sébastien Buemi,0.0
2021,Sébastien Buemi,0.0
2022,Sébastien Buemi,0.0
2023,Sébastien Buemi,0.0
2024,Sébastien Buemi,0.0
2025,Sébastien Buemi,0.0
2026,Sébastien Buemi,0.0
2000,Kamui Kobayashi,0.0
2001,Kamui Kobayashi,0.0
2002,Kamui Kobayashi,0.0
2003,Kamui Kobayashi,0.0
2004,Kamui Kobayashi,0.0
2005,Kamui Kobayashi,0.0
2006,Kamui Kobayashi,0.0
2007,Kamui Kobayashi,0.0
2008,Kamui Kobayashi,0.0
2009,Kamui Kobayashi,3.0
2010,Kamui Kobayashi,32.0
2011,Kamui Kobayashi,30.0
2012,Kamui Kobayashi,60.0
2013,Kamui Kobayashi,0.0
2014,Kamui Kobayashi,0.0
2015,Kamui Kobayashi,0.0
2016,Kamui Kobayashi,0.0
2017,Kamui Kobayashi,0.0
2018,Kamui Kobayashi,0.0
2019,Kamui Kobayashi,0.0
2020,Kamui Kobayashi,0.0
2021,Kamui Kobayashi,0.0
2022,Kamui Kobayashi,0.0
2023,Kamui Kobayashi,0.0
2024,Kamui Kobayashi,0.0
2025,Kamui Kobayashi,0.0
2026,Kamui Kobayashi,0.0
2000,Romain Grosjean,0.0
2001,Romain Grosjean,0.0
2002,Romain Grosjean,0.0
2003,Romain Grosjean,0.0
2004,Romain Grosjean,0.0
2005,Romain Grosjean,0.0
2006,Romain Grosjean,0.0
2007,Romain Grosjean,0.0
2008,Romain Grosjean,0.0
2009,Romain Grosjean,0.0
2010,Romain Grosjean,0.0
2011,Romain Grosjean,0.0
2012,Romain Grosjean,96.0
2013,Romain Grosjean,132.0
2014,Romain Grosjean,8.0
2015,Romain Grosjean,51.0
2016,Romain Grosjean,29.0
2017,Romain Grosjean,28.0
2018,Romain Grosjean,37.0
2019,Romain Grosjean,8.0
2020,Romain Grosjean,2.0
2021,Romain Grosjean,0.0
2022,Romain Grosjean,0.0
2023,Romain Grosjean,0.0
2024,Romain Grosjean,0.0
2025,Romain Grosjean,0.0
2026,Romain Grosjean,0.0
2000,Jaime Alguersuari,0.0
2001,Jaime Alguersuari,0.0
2002,Jaime Alguersuari,0.0
2003,Jaime Alguersuari,0.0
2004,Jaime Alguersuari,0.0
2005,Jaime Alguersuari,0.0
2006,Jaime Alguersuari,0.0
2007,Jaime Alguersuari,0.0
2008,Jaime Alguersuari,0.0
2009,Jaime Alguersuari,0.0
2010,Jaime Alguersuari,5.0
2011,Jaime Alguersuari,26.0
2012,Jaime Alguersuari,0.0
2013,Jaime Alguersuari,0.0
2014,Jaime Alguersuari,0.0
2015,Jaime Alguersuari,0.0
2016,Jaime Alguersuari,0.0
2017,Jaime Alguersuari,0.0
2018,Jaime Alguersuari,0.0
2019,Jaime Alguersuari,0.0
2020,Jaime Alguersuari,0.0
2021,Jaime Alguersuari,0.0
2022,Jaime Alguersuari,0.0
2023,Jaime Alguersuari,0.0
2024,Jaime Alguersuari,0.0
2025,Jaime Alguersuari,0.0
2026,Jaime Alguersuari,0.0
2000,Luca Badoer,0.0
2001,Luca Badoer,0.0
2002,Luca Badoer,0.0
2003,Luca Badoer,0.0
2004,Luca Badoer,0.0
2005,Luca Badoer,0.0
2006,Luca Badoer,0.0
2007,Luca Badoer,0.0
2008,Luca Badoer,0.0
2009,Luca Badoer,0.0
2010,Luca Badoer,0.0
2011,Luca Badoer,0.0
2012,Luca Badoer,0.0
2013,Luca Badoer,0.0
2014,Luca Badoer,0.0
2015,Luca Badoer,0.0
2016,Luca Badoer,0.0
2017,Luca Badoer,0.0
2018,Luca Badoer,0.0
2019,Luca Badoer,0.0
2020,Luca Badoer,0.0
2021,Luca Badoer,0.0
2022,Luca Badoer,0.0
2023,Luca Badoer,0.0
2024,Luca Badoer,0.0
2025,Luca Badoer,0.0
2026,Luca Badoer,0.0
2000,Vitaly Petrov,0.0
2001,Vitaly Petrov,0.0
2002,Vitaly Petrov,0.0
2003,Vitaly Petrov,0.0
2004,Vitaly Petrov,0.0
2005,Vitaly Petrov,0.0
2006,Vitaly Petrov,0.0
2007,Vitaly Petrov,0.0
2008,Vitaly Petrov,0.0
2009,Vitaly Petrov,0.0
2010,Vitaly Petrov,27.0
2011,Vitaly Petrov,37.0
2012,Vitaly Petrov,0.0
2013,Vitaly Petrov,0.0
2014,Vitaly Petrov,0.0
2015,Vitaly Petrov,0.0
2016,Vitaly Petrov,0.0
2017,Vitaly Petrov,0.0
2018,Vitaly Petrov,0.0
2019,Vitaly Petrov,0.0
2020,Vitaly Petrov,0.0
2021,Vitaly Petrov,0.0
2022,Vitaly Petrov,0.0
2023,Vitaly Petrov,0.0
2024,Vitaly Petrov,0.0
2025,Vitaly Petrov,0.0
2026,Vitaly Petrov,0.0
2000,Nico Hülkenberg,0.0
2001,Nico Hülkenberg,0.0
2002,Nico Hülkenberg,0.0
2003,Nico Hülkenberg,0.0
2004,Nico Hülkenberg,0.0
2005,Nico Hülkenberg,0.0
2006,Nico Hülkenberg,0.0
2007,Nico Hülkenberg,0.0
2008,Nico Hülkenberg,0.0
2009,Nico Hülkenberg,0.0
2010,Nico Hülkenberg,22.0
2011,Nico Hülkenberg,0.0
2012,Nico Hülkenberg,63.0
2013,Nico Hülkenberg,51.0
2014,Nico Hülkenberg,96.0
2015,Nico Hülkenberg,58.0
2016,Nico Hülkenberg,72.0
2017,Nico Hülkenberg,43.0
2018,Nico Hülkenberg,69.0
2019,Nico Hülkenberg,37.0
2020,Nico Hülkenberg,10.0
2021,Nico Hülkenberg,0.0
2022,Nico Hülkenberg,0.0
2023,Nico Hülkenberg,9.0
2024,Nico Hülkenberg,41.0
2025,Nico Hülkenberg,51.0
2026,Nico Hülkenberg,0.0
2000,Karun Chandhok,0.0
2001,Karun Chandhok,0.0
2002,Karun Chandhok,0.0
2003,Karun Chandhok,0.0
2004,Karun Chandhok,0.0
2005,Karun Chandhok,0.0
2006,Karun Chandhok,0.0
2007,Karun Chandhok,0.0
2008,Karun Chandhok,0.0
2009,Karun Chandhok,0.0
2010,Karun Chandhok,0.0
2011,Karun Chandhok,0.0
2012,Karun Chandhok,0.0
2013,Karun Chandhok,0.0
2014,Karun Chandhok,0.0
2015,Karun Chandhok,0.0
2016,Karun Chandhok,0.0
2017,Karun Chandhok,0.0
2018,Karun Chandhok,0.0
2019,Karun Chandhok,0.0
2020,Karun Chandhok,0.0
2021,Karun Chandhok,0.0
2022,Karun Chandhok,0.0
2023,Karun Chandhok,0.0
2024,Karun Chandhok,0.0
2025,Karun Chandhok,0.0
2026,Karun Chandhok,0.0
2000,Bruno Senna,0.0
2001,Bruno Senna,0.0
2002,Bruno Senna,0.0
2003,Bruno Senna,0.0
2004,Bruno Senna,0.0
2005,Bruno Senna,0.0
2006,Bruno Senna,0.0
2007,Bruno Senna,0.0
2008,Bruno Senna,0.0
2009,Bruno Senna,0.0
2010,Bruno Senna,0.0
2011,Bruno Senna,2.0
2012,Bruno Senna,31.0
2013,Bruno Senna,0.0
2014,Bruno Senna,0.0
2015,Bruno Senna,0.0
2016,Bruno Senna,0.0
2017,Bruno Senna,0.0
2018,Bruno Senna,0.0
2019,Bruno Senna,0.0
2020,Bruno Senna,0.0
2021,Bruno Senna,0.0
2022,Bruno Senna,0.0
2023,Bruno Senna,0.0
2024,Bruno Senna,0.0
2025,Bruno Senna,0.0
2026,Bruno Senna,0.0
2000,Lucas di Grassi,0.0
2001,Lucas di Grassi,0.0
2002,Lucas di Grassi,0.0
2003,Lucas di Grassi,0.0
2004,Lucas di Grassi,0.0
2005,Lucas di Grassi,0.0
2006,Lucas di Grassi,0.0
2007,Lucas di Grassi,0.0
2008,Lucas di Grassi,0.0
2009,Lucas di Grassi,0.0
2010,Lucas di Grassi,0.0
2011,Lucas di Grassi,0.0
2012,Lucas di Grassi,0.0
2013,Lucas di Grassi,0.0
2014,Lucas di Grassi,0.0
2015,Lucas di Grassi,0.0
2016,Lucas di Grassi,0.0
2017,Lucas di Grassi,0.0
2018,Lucas di Grassi,0.0
2019,Lucas di Grassi,0.0
2020,Lucas di Grassi,0.0
2021,Lucas di Grassi,0.0
2022,Lucas di Grassi,0.0
2023,Lucas di Grassi,0.0
2024,Lucas di Grassi,0.0
2025,Lucas di Grassi,0.0
2026,Lucas di Grassi,0.0
2000,Paul di Resta,0.0
2001,Paul di Resta,0.0
2002,Paul di Resta,0.0
2003,Paul di Resta,0.0
2004,Paul di Resta,0.0
2005,Paul di Resta,0.0
2006,Paul di Resta,0.0
2007,Paul di Resta,0.0
2008,Paul di Resta,0.0
2009,Paul di Resta,0.0
2010,Paul di Resta,0.0
2011,Paul di Resta,27.0
2012,Paul di Resta,46.0
2013,Paul di Resta,48.0
2014,Paul di Resta,0.0
2015,Paul di Resta,0.0
2016,Paul di Resta,0.0
2017,Paul di Resta,0.0
2018,Paul di Resta,0.0
2019,Paul di Resta,0.0
2020,Paul di Resta,0.0
2021,Paul di Resta,0.0
2022,Paul di Resta,0.0
2023,Paul di Resta,0.0
2024,Paul di Resta,0.0
2025,Paul di Resta,0.0
2026,Paul di Resta,0.0
2000,Sergio Pérez,0.0
2001,Sergio Pérez,0.0
2002,Sergio Pérez,0.0
2003,Sergio Pérez,0.0
2004,Sergio Pérez,0.0
2005,Sergio Pérez,0.0
2006,Sergio Pérez,0.0
2007,Sergio Pérez,0.0
2008,Sergio Pérez,0.0
2009,Sergio Pérez,0.0
2010,Sergio Pérez,0.0
2011,Sergio Pérez,14.0
2012,Sergio Pérez,66.0
2013,Sergio Pérez,49.0
2014,Sergio Pérez,59.0
2015,Sergio Pérez,78.0
2016,Sergio Pérez,101.0
2017,Sergio Pérez,100.0
2018,Sergio Pérez,62.0
2019,Sergio Pérez,52.0
2020,Sergio Pérez,125.0
2021,Sergio Pérez,190.0
2022,Sergio Pérez,305.0
2023,Sergio Pérez,285.0
2024,Sergio Pérez,152.0
2025,Sergio Pérez,0.0
2026,Sergio Pérez,0.0
2000,Pastor Maldonado,0.0
2001,Pastor Maldonado,0.0
2002,Pastor Maldonado,0.0
2003,Pastor Maldonado,0.0
2004,Pastor Maldonado,0.0
2005,Pastor Maldonado,0.0
2006,Pastor Maldonado,0.0
2007,Pastor Maldonado,0.0
2008,Pastor Maldonado,0.0
2009,Pastor Maldonado,0.0
2010,Pastor Maldonado,0.0
2011,Pastor Maldonado,1.0
2012,Pastor Maldonado,45.0
2013,Pastor Maldonado,1.0
2014,Pastor Maldonado,2.0
2015,Pastor Maldonado,27.0
2016,Pastor Maldonado,0.0
2017,Pastor Maldonado,0.0
2018,Pastor Maldonado,0.0
2019,Pastor Maldonado,0.0
2020,Pastor Maldonado,0.0
2021,Pastor Maldonado,0.0
2022,Pastor Maldonado,0.0
2023,Pastor Maldonado,0.0
2024,Pastor Maldonado,0.0
2025,Pastor Maldonado,0.0
2026,Pastor Maldonado,0.0
2000,Jérôme d'Ambrosio,0.0
2001,Jérôme d'Ambrosio,0.0
2002,Jérôme d'Ambrosio,0.0
2003,Jérôme d'Ambrosio,0.0
2004,Jérôme d'Ambrosio,0.0
2005,Jérôme d'Ambrosio,0.0
2006,Jérôme d'Ambrosio,0.0
2007,Jérôme d'Ambrosio,0.0
2008,Jérôme d'Ambrosio,0.0
2009,Jérôme d'Ambrosio,0.0
2010,Jérôme d'Ambrosio,0.0
2011,Jérôme d'Ambrosio,0.0
2012,Jérôme d'Ambrosio,0.0
2013,Jérôme d'Ambrosio,0.0
2014,Jérôme d'Ambrosio,0.0
2015,Jérôme d'Ambrosio,0.0
2016,Jérôme d'Ambrosio,0.0
2017,Jérôme d'Ambrosio,0.0
2018,Jérôme d'Ambrosio,0.0
2019,Jérôme d'Ambrosio,0.0
2020,Jérôme d'Ambrosio,0.0
2021,Jérôme d'Ambrosio,0.0
2022,Jérôme d'Ambrosio,0.0
2023,Jérôme d'Ambrosio,0.0
2024,Jérôme d'Ambrosio,0.0
2025,Jérôme d'Ambrosio,0.0
2026,Jérôme d'Ambrosio,0.0
2000,Daniel Ricciardo,0.0
2001,Daniel Ricciardo,0.0
2002,Daniel Ricciardo,0.0
2003,Daniel Ricciardo,0.0
2004,Daniel Ricciardo,0.0
2005,Daniel Ricciardo,0.0
2006,Daniel Ricciardo,0.0
2007,Daniel Ricciardo,0.0
2008,Daniel Ricciardo,0.0
2009,Daniel Ricciardo,0.0
2010,Daniel Ricciardo,0.0
2011,Daniel Ricciardo,0.0
2012,Daniel Ricciardo,10.0
2013,Daniel Ricciardo,20.0
2014,Daniel Ricciardo,238.0
2015,Daniel Ricciardo,92.0
2016,Daniel Ricciardo,256.0
2017,Daniel Ricciardo,200.0
2018,Daniel Ricciardo,170.0
2019,Daniel Ricciardo,54.0
2020,Daniel Ricciardo,119.0
2021,Daniel Ricciardo,115.0
2022,Daniel Ricciardo,37.0
2023,Daniel Ricciardo,6.0
2024,Daniel Ricciardo,12.0
2025,Daniel Ricciardo,0.0
2026,Daniel Ricciardo,0.0
2000,Jean-Éric Vergne,0.0
2001,Jean-Éric Vergne,0.0
2002,Jean-Éric Vergne,0.0
2003,Jean-Éric Vergne,0.0
2004,Jean-Éric Vergne,0.0
2005,Jean-Éric Vergne,0.0
2006,Jean-Éric Vergne,0.0
2007,Jean-Éric Vergne,0.0
2008,Jean-Éric Vergne,0.0
2009,Jean-Éric Vergne,0.0
2010,Jean-Éric Vergne,0.0
2011,Jean-Éric Vergne,0.0
2012,Jean-Éric Vergne,16.0
2013,Jean-Éric Vergne,13.0
2014,Jean-Éric Vergne,22.0
2015,Jean-Éric Vergne,0.0
2016,Jean-Éric Vergne,0.0
2017,Jean-Éric Vergne,0.0
2018,Jean-Éric Vergne,0.0
2019,Jean-Éric Vergne,0.0
2020,Jean-Éric Vergne,0.0
2021,Jean-Éric Vergne,0.0
2022,Jean-Éric Vergne,0.0
2023,Jean-Éric Vergne,0.0
2024,Jean-Éric Vergne,0.0
2025,Jean-Éric Vergne,0.0
2026,Jean-Éric Vergne,0.0
2000,Charles Pic,0.0
2001,Charles Pic,0.0
2002,Charles Pic,0.0
2003,Charles Pic,0.0
2004,Charles Pic,0.0
2005,Charles Pic,0.0
2006,Charles Pic,0.0
2007,Charles Pic,0.0
2008,Charles Pic,0.0
2009,Charles Pic,0.0
2010,Charles Pic,0.0
2011,Charles Pic,0.0
2012,Charles Pic,0.0
2013,Charles Pic,0.0
2014,Charles Pic,0.0
2015,Charles Pic,0.0
2016,Charles Pic,0.0
2017,Charles Pic,0.0
2018,Charles Pic,0.0
2019,Charles Pic,0.0
2020,Charles Pic,0.0
2021,Charles Pic,0.0
2022,Charles Pic,0.0
2023,Charles Pic,0.0
2024,Charles Pic,0.0
2025,Charles Pic,0.0
2026,Charles Pic,0.0
2000,Esteban Gutiérrez,0.0
2001,Esteban Gutiérrez,0.0
2002,Esteban Gutiérrez,0.0
2003,Esteban Gutiérrez,0.0
2004,Esteban Gutiérrez,0.0
2005,Esteban Gutiérrez,0.0
2006,Esteban Gutiérrez,0.0
2007,Esteban Gutiérrez,0.0
2008,Esteban Gutiérrez,0.0
2009,Esteban Gutiérrez,0.0
2010,Esteban Gutiérrez,0.0
2011,Esteban Gutiérrez,0.0
2012,Esteban Gutiérrez,0.0
2013,Esteban Gutiérrez,6.0
2014,Esteban Gutiérrez,0.0
2015,Esteban Gutiérrez,0.0
2016,Esteban Gutiérrez,0.0
2017,Esteban Gutiérrez,0.0
2018,Esteban Gutiérrez,0.0
2019,Esteban Gutiérrez,0.0
2020,Esteban Gutiérrez,0.0
2021,Esteban Gutiérrez,0.0
2022,Esteban Gutiérrez,0.0
2023,Esteban Gutiérrez,0.0
2024,Esteban Gutiérrez,0.0
2025,Esteban Gutiérrez,0.0
2026,Esteban Gutiérrez,0.0
2000,Valtteri Bottas,0.0
2001,Valtteri Bottas,0.0
2002,Valtteri Bottas,0.0
2003,Valtteri Bottas,0.0
2004,Valtteri Bottas,0.0
2005,Valtteri Bottas,0.0
2006,Valtteri Bottas,0.0
2007,Valtteri Bottas,0.0
2008,Valtteri Bottas,0.0
2009,Valtteri Bottas,0.0
2010,Valtteri Bottas,0.0
2011,Valtteri Bottas,0.0
2012,Valtteri Bottas,0.0
2013,Valtteri Bottas,4.0
2014,Valtteri Bottas,186.0
2015,Valtteri Bottas,136.0
2016,Valtteri Bottas,85.0
2017,Valtteri Bottas,305.0
2018,Valtteri Bottas,247.0
2019,Valtteri Bottas,326.0
2020,Valtteri Bottas,223.0
2021,Valtteri Bottas,226.0
2022,Valtteri Bottas,49.0
2023,Valtteri Bottas,10.0
2024,Valtteri Bottas,0.0
2025,Valtteri Bottas,0.0
2026,Valtteri Bottas,0.0
2000,Jules Bianchi,0.0
2001,Jules Bianchi,0.0
2002,Jules Bianchi,0.0
2003,Jules Bianchi,0.0
2004,Jules Bianchi,0.0
2005,Jules Bianchi,0.0
2006,Jules Bianchi,0.0
2007,Jules Bianchi,0.0
2008,Jules Bianchi,0.0
2009,Jules Bianchi,0.0
2010,Jules Bianchi,0.0
2011,Jules Bianchi,0.0
2012,Jules Bianchi,0.0
2013,Jules Bianchi,0.0
2014,Jules Bianchi,2.0
2015,Jules Bianchi,0.0
2016,Jules Bianchi,0.0
2017,Jules Bianchi,0.0
2018,Jules Bianchi,0.0
2019,Jules Bianchi,0.0
2020,Jules Bianchi,0.0
2021,Jules Bianchi,0.0
2022,Jules Bianchi,0.0
2023,Jules Bianchi,0.0
2024,Jules Bianchi,0.0
2025,Jules Bianchi,0.0
2026,Jules Bianchi,0.0
2000,Giedo van der Garde,0.0
2001,Giedo van der Garde,0.0
2002,Giedo van der Garde,0.0
2003,Giedo van der Garde,0.0
2004,Giedo van der Garde,0.0
2005,Giedo van der Garde,0.0
2006,Giedo van der Garde,0.0
2007,Giedo van der Garde,0.0
2008,Giedo van der Garde,0.0
2009,Giedo van der Garde,0.0
2010,Giedo van der Garde,0.0
2011,Giedo van der Garde,0.0
2012,Giedo van der Garde,0.0
2013,Giedo van der Garde,0.0
2014,Giedo van der Garde,0.0
2015,Giedo van der Garde,0.0
2016,Giedo van der Garde,0.0
2017,Giedo van der Garde,0.0
2018,Giedo van der Garde,0.0
2019,Giedo van der Garde,0.0
2020,Giedo van der Garde,0.0
2021,Giedo van der Garde,0.0
2022,Giedo van der Garde,0.0
2023,Giedo van der Garde,0.0
2024,Giedo van der Garde,0.0
2025,Giedo van der Garde,0.0
2026,Giedo van der Garde,0.0
2000,Max Chilton,0.0
2001,Max Chilton,0.0
2002,Max Chilton,0.0
2003,Max Chilton,0.0
2004,Max Chilton,0.0
2005,Max Chilton,0.0
2006,Max Chilton,0.0
2007,Max Chilton,0.0
2008,Max Chilton,0.0
2009,Max Chilton,0.0
2010,Max Chilton,0.0
2011,Max Chilton,0.0
2012,Max Chilton,0.0
2013,Max Chilton,0.0
2014,Max Chilton,0.0
2015,Max Chilton,0.0
2016,Max Chilton,0.0
2017,Max Chilton,0.0
2018,Max Chilton,0.0
2019,Max Chilton,0.0
2020,Max Chilton,0.0
2021,Max Chilton,0.0
2022,Max Chilton,0.0
2023,Max Chilton,0.0
2024,Max Chilton,0.0
2025,Max Chilton,0.0
2026,Max Chilton,0.0
2000,Kevin Magnussen,0.0
2001,Kevin Magnussen,0.0
2002,Kevin Magnussen,0.0
2003,Kevin Magnussen,0.0
2004,Kevin Magnussen,0.0
2005,Kevin Magnussen,0.0
2006,Kevin Magnussen,0.0
2007,Kevin Magnussen,0.0
2008,Kevin Magnussen,0.0
2009,Kevin Magnussen,0.0
2010,Kevin Magnussen,0.0
2011,Kevin Magnussen,0.0
2012,Kevin Magnussen,0.0
2013,Kevin Magnussen,0.0
2014,Kevin Magnussen,55.0
2015,Kevin Magnussen,0.0
2016,Kevin Magnussen,7.0
2017,Kevin Magnussen,19.0
2018,Kevin Magnussen,56.0
2019,Kevin Magnussen,20.0
2020,Kevin Magnussen,1.0
2021,Kevin Magnussen,0.0
2022,Kevin Magnussen,25.0
2023,Kevin Magnussen,3.0
2024,Kevin Magnussen,16.0
2025,Kevin Magnussen,0.0
2026,Kevin Magnussen,0.0
2000,Daniil Kvyat,0.0
2001,Daniil Kvyat,0.0
2002,Daniil Kvyat,0.0
2003,Daniil Kvyat,0.0
2004,Daniil Kvyat,0.0
2005,Daniil Kvyat,0.0
2006,Daniil Kvyat,0.0
2007,Daniil Kvyat,0.0
2008,Daniil Kvyat,0.0
2009,Daniil Kvyat,0.0
2010,Daniil Kvyat,0.0
2011,Daniil Kvyat,0.0
2012,Daniil Kvyat,0.0
2013,Daniil Kvyat,0.0
2014,Daniil Kvyat,8.0
2015,Daniil Kvyat,95.0
2016,Daniil Kvyat,25.0
2017,Daniil Kvyat,5.0
2018,Daniil Kvyat,0.0
2019,Daniil Kvyat,37.0
2020,Daniil Kvyat,32.0
2021,Daniil Kvyat,0.0
2022,Daniil Kvyat,0.0
2023,Daniil Kvyat,0.0
2024,Daniil Kvyat,0.0
2025,Daniil Kvyat,0.0
2026,Daniil Kvyat,0.0
2000,Marcus Ericsson,0.0
2001,Marcus Ericsson,0.0
2002,Marcus Ericsson,0.0
2003,Marcus Ericsson,0.0
2004,Marcus Ericsson,0.0
2005,Marcus Ericsson,0.0
2006,Marcus Ericsson,0.0
2007,Marcus Ericsson,0.0
2008,Marcus Ericsson,0.0
2009,Marcus Ericsson,0.0
2010,Marcus Ericsson,0.0
2011,Marcus Ericsson,0.0
2012,Marcus Ericsson,0.0
2013,Marcus Ericsson,0.0
2014,Marcus Ericsson,0.0
2015,Marcus Ericsson,9.0
2016,Marcus Ericsson,0.0
2017,Marcus Ericsson,0.0
2018,Marcus Ericsson,9.0
2019,Marcus Ericsson,0.0
2020,Marcus Ericsson,0.0
2021,Marcus Ericsson,0.0
2022,Marcus Ericsson,0.0
2023,Marcus Ericsson,0.0
2024,Marcus Ericsson,0.0
2025,Marcus Ericsson,0.0
2026,Marcus Ericsson,0.0
2000,Will Stevens,0.0
2001,Will Stevens,0.0
2002,Will Stevens,0.0
2003,Will Stevens,0.0
2004,Will Stevens,0.0
2005,Will Stevens,0.0
2006,Will Stevens,0.0
2007,Will Stevens,0.0
2008,Will Stevens,0.0
2009,Will Stevens,0.0
2010,Will Stevens,0.0
2011,Will Stevens,0.0
2012,Will Stevens,0.0
2013,Will Stevens,0.0
2014,Will Stevens,0.0
2015,Will Stevens,0.0
2016,Will Stevens,0.0
2017,Will Stevens,0.0
2018,Will Stevens,0.0
2019,Will Stevens,0.0
2020,Will Stevens,0.0
2021,Will Stevens,0.0
2022,Will Stevens,0.0
2023,Will Stevens,0.0
2024,Will Stevens,0.0
2025,Will Stevens,0.0
2026,Will Stevens,0.0
2000,André Lotterer,0.0
2001,André Lotterer,0.0
2002,André Lotterer,0.0
2003,André Lotterer,0.0
2004,André Lotterer,0.0
2005,André Lotterer,0.0
2006,André Lotterer,0.0
2007,André Lotterer,0.0
2008,André Lotterer,0.0
2009,André Lotterer,0.0
2010,André Lotterer,0.0
2011,André Lotterer,0.0
2012,André Lotterer,0.0
2013,André Lotterer,0.0
2014,André Lotterer,0.0
2015,André Lotterer,0.0
2016,André Lotterer,0.0
2017,André Lotterer,0.0
2018,André Lotterer,0.0
2019,André Lotterer,0.0
2020,André Lotterer,0.0
2021,André Lotterer,0.0
2022,André Lotterer,0.0
2023,André Lotterer,0.0
2024,André Lotterer,0.0
2025,André Lotterer,0.0
2026,André Lotterer,0.0
2000,Max Verstappen,0.0
2001,Max Verstappen,0.0
2002,Max Verstappen,0.0
2003,Max Verstappen,0.0
2004,Max Verstappen,0.0
2005,Max Verstappen,0.0
2006,Max Verstappen,0.0
2007,Max Verstappen,0.0
2008,Max Verstappen,0.0
2009,Max Verstappen,0.0
2010,Max Verstappen,0.0
2011,Max Verstappen,0.0
2012,Max Verstappen,0.0
2013,Max Verstappen,0.0
2014,Max Verstappen,0.0
2015,Max Verstappen,49.0
2016,Max Verstappen,204.0
2017,Max Verstappen,168.0
2018,Max Verstappen,249.0
2019,Max Verstappen,278.0
2020,Max Verstappen,214.0
2021,Max Verstappen,395.5
2022,Max Verstappen,454.0
2023,Max Verstappen,575.0
2024,Max Verstappen,437.0
2025,Max Verstappen,421.0
2026,Max Verstappen,76.0
2000,Felipe Nasr,0.0
2001,Felipe Nasr,0.0
2002,Felipe Nasr,0.0
2003,Felipe Nasr,0.0
2004,Felipe Nasr,0.0
2005,Felipe Nasr,0.0
2006,Felipe Nasr,0.0
2007,Felipe Nasr,0.0
2008,Felipe Nasr,0.0
2009,Felipe Nasr,0.0
2010,Felipe Nasr,0.0
2011,Felipe Nasr,0.0
2012,Felipe Nasr,0.0
2013,Felipe Nasr,0.0
2014,Felipe Nasr,0.0
2015,Felipe Nasr,27.0
2016,Felipe Nasr,2.0
2017,Felipe Nasr,0.0
2018,Felipe Nasr,0.0
2019,Felipe Nasr,0.0
2020,Felipe Nasr,0.0
2021,Felipe Nasr,0.0
2022,Felipe Nasr,0.0
2023,Felipe Nasr,0.0
2024,Felipe Nasr,0.0
2025,Felipe Nasr,0.0
2026,Felipe Nasr,0.0
2000,Carlos Sainz,0.0
2001,Carlos Sainz,0.0
2002,Carlos Sainz,0.0
2003,Carlos Sainz,0.0
2004,Carlos Sainz,0.0
2005,Carlos Sainz,0.0
2006,Carlos Sainz,0.0
2007,Carlos Sainz,0.0
2008,Carlos Sainz,0.0
2009,Carlos Sainz,0.0
2010,Carlos Sainz,0.0
2011,Carlos Sainz,0.0
2012,Carlos Sainz,0.0
2013,Carlos Sainz,0.0
2014,Carlos Sainz,0.0
2015,Carlos Sainz,18.0
2016,Carlos Sainz,46.0
2017,Carlos Sainz,54.0
2018,Carlos Sainz,53.0
2019,Carlos Sainz,96.0
2020,Carlos Sainz,105.0
2021,Carlos Sainz,164.5
2022,Carlos Sainz,246.0
2023,Carlos Sainz,200.0
2024,Carlos Sainz,290.0
2025,Carlos Sainz,64.0
2026,Carlos Sainz,6.0
2000,Roberto Merhi,0.0
2001,Roberto Merhi,0.0
2002,Roberto Merhi,0.0
2003,Roberto Merhi,0.0
2004,Roberto Merhi,0.0
2005,Roberto Merhi,0.0
2006,Roberto Merhi,0.0
2007,Roberto Merhi,0.0
2008,Roberto Merhi,0.0
2009,Roberto Merhi,0.0
2010,Roberto Merhi,0.0
2011,Roberto Merhi,0.0
2012,Roberto Merhi,0.0
2013,Roberto Merhi,0.0
2014,Roberto Merhi,0.0
2015,Roberto Merhi,0.0
2016,Roberto Merhi,0.0
2017,Roberto Merhi,0.0
2018,Roberto Merhi,0.0
2019,Roberto Merhi,0.0
2020,Roberto Merhi,0.0
2021,Roberto Merhi,0.0
2022,Roberto Merhi,0.0
2023,Roberto Merhi,0.0
2024,Roberto Merhi,0.0
2025,Roberto Merhi,0.0
2026,Roberto Merhi,0.0
2000,Alexander Rossi,0.0
2001,Alexander Rossi,0.0
2002,Alexander Rossi,0.0
2003,Alexander Rossi,0.0
2004,Alexander Rossi,0.0
2005,Alexander Rossi,0.0
2006,Alexander Rossi,0.0
2007,Alexander Rossi,0.0
2008,Alexander Rossi,0.0
2009,Alexander Rossi,0.0
2010,Alexander Rossi,0.0
2011,Alexander Rossi,0.0
2012,Alexander Rossi,0.0
2013,Alexander Rossi,0.0
2014,Alexander Rossi,0.0
2015,Alexander Rossi,0.0
2016,Alexander Rossi,0.0
2017,Alexander Rossi,0.0
2018,Alexander Rossi,0.0
2019,Alexander Rossi,0.0
2020,Alexander Rossi,0.0
2021,Alexander Rossi,0.0
2022,Alexander Rossi,0.0
2023,Alexander Rossi,0.0
2024,Alexander Rossi,0.0
2025,Alexander Rossi,0.0
2026,Alexander Rossi,0.0
2000,Jolyon Palmer,0.0
2001,Jolyon Palmer,0.0
2002,Jolyon Palmer,0.0
2003,Jolyon Palmer,0.0
2004,Jolyon Palmer,0.0
2005,Jolyon Palmer,0.0
2006,Jolyon Palmer,0.0
2007,Jolyon Palmer,0.0
2008,Jolyon Palmer,0.0
2009,Jolyon Palmer,0.0
2010,Jolyon Palmer,0.0
2011,Jolyon Palmer,0.0
2012,Jolyon Palmer,0.0
2013,Jolyon Palmer,0.0
2014,Jolyon Palmer,0.0
2015,Jolyon Palmer,0.0
2016,Jolyon Palmer,1.0
2017,Jolyon Palmer,8.0
2018,Jolyon Palmer,0.0
2019,Jolyon Palmer,0.0
2020,Jolyon Palmer,0.0
2021,Jolyon Palmer,0.0
2022,Jolyon Palmer,0.0
2023,Jolyon Palmer,0.0
2024,Jolyon Palmer,0.0
2025,Jolyon Palmer,0.0
2026,Jolyon Palmer,0.0
2000,Pascal Wehrlein,0.0
2001,Pascal Wehrlein,0.0
2002,Pascal Wehrlein,0.0
2003,Pascal Wehrlein,0.0
2004,Pascal Wehrlein,0.0
2005,Pascal Wehrlein,0.0
2006,Pascal Wehrlein,0.0
2007,Pascal Wehrlein,0.0
2008,Pascal Wehrlein,0.0
2009,Pascal Wehrlein,0.0
2010,Pascal Wehrlein,0.0
2011,Pascal Wehrlein,0.0
2012,Pascal Wehrlein,0.0
2013,Pascal Wehrlein,0.0
2014,Pascal Wehrlein,0.0
2015,Pascal Wehrlein,0.0
2016,Pascal Wehrlein,1.0
2017,Pascal Wehrlein,5.0
2018,Pascal Wehrlein,0.0
2019,Pascal Wehrlein,0.0
2020,Pascal Wehrlein,0.0
2021,Pascal Wehrlein,0.0
2022,Pascal Wehrlein,0.0
2023,Pascal Wehrlein,0.0
2024,Pascal Wehrlein,0.0
2025,Pascal Wehrlein,0.0
2026,Pascal Wehrlein,0.0
2000,Stoffel Vandoorne,0.0
2001,Stoffel Vandoorne,0.0
2002,Stoffel Vandoorne,0.0
2003,Stoffel Vandoorne,0.0
2004,Stoffel Vandoorne,0.0
2005,Stoffel Vandoorne,0.0
2006,Stoffel Vandoorne,0.0
2007,Stoffel Vandoorne,0.0
2008,Stoffel Vandoorne,0.0
2009,Stoffel Vandoorne,0.0
2010,Stoffel Vandoorne,0.0
2011,Stoffel Vandoorne,0.0
2012,Stoffel Vandoorne,0.0
2013,Stoffel Vandoorne,0.0
2014,Stoffel Vandoorne,0.0
2015,Stoffel Vandoorne,0.0
2016,Stoffel Vandoorne,1.0
2017,Stoffel Vandoorne,13.0
2018,Stoffel Vandoorne,12.0
2019,Stoffel Vandoorne,0.0
2020,Stoffel Vandoorne,0.0
2021,Stoffel Vandoorne,0.0
2022,Stoffel Vandoorne,0.0
2023,Stoffel Vandoorne,0.0
2024,Stoffel Vandoorne,0.0
2025,Stoffel Vandoorne,0.0
2026,Stoffel Vandoorne,0.0
2000,Esteban Ocon,0.0
2001,Esteban Ocon,0.0
2002,Esteban Ocon,0.0
2003,Esteban Ocon,0.0
2004,Esteban Ocon,0.0
2005,Esteban Ocon,0.0
2006,Esteban Ocon,0.0
2007,Esteban Ocon,0.0
2008,Esteban Ocon,0.0
2009,Esteban Ocon,0.0
2010,Esteban Ocon,0.0
2011,Esteban Ocon,0.0
2012,Esteban Ocon,0.0
2013,Esteban Ocon,0.0
2014,Esteban Ocon,0.0
2015,Esteban Ocon,0.0
2016,Esteban Ocon,0.0
2017,Esteban Ocon,87.0
2018,Esteban Ocon,49.0
2019,Esteban Ocon,0.0
2020,Esteban Ocon,62.0
2021,Esteban Ocon,74.0
2022,Esteban Ocon,92.0
2023,Esteban Ocon,58.0
2024,Esteban Ocon,23.0
2025,Esteban Ocon,38.0
2026,Esteban Ocon,3.0
2000,Rio Haryanto,0.0
2001,Rio Haryanto,0.0
2002,Rio Haryanto,0.0
2003,Rio Haryanto,0.0
2004,Rio Haryanto,0.0
2005,Rio Haryanto,0.0
2006,Rio Haryanto,0.0
2007,Rio Haryanto,0.0
2008,Rio Haryanto,0.0
2009,Rio Haryanto,0.0
2010,Rio Haryanto,0.0
2011,Rio Haryanto,0.0
2012,Rio Haryanto,0.0
2013,Rio Haryanto,0.0
2014,Rio Haryanto,0.0
2015,Rio Haryanto,0.0
2016,Rio Haryanto,0.0
2017,Rio Haryanto,0.0
2018,Rio Haryanto,0.0
2019,Rio Haryanto,0.0
2020,Rio Haryanto,0.0
2021,Rio Haryanto,0.0
2022,Rio Haryanto,0.0
2023,Rio Haryanto,0.0
2024,Rio Haryanto,0.0
2025,Rio Haryanto,0.0
2026,Rio Haryanto,0.0
2000,Lance Stroll,0.0
2001,Lance Stroll,0.0
2002,Lance Stroll,0.0
2003,Lance Stroll,0.0
2004,Lance Stroll,0.0
2005,Lance Stroll,0.0
2006,Lance Stroll,0.0
2007,Lance Stroll,0.0
2008,Lance Stroll,0.0
2009,Lance Stroll,0.0
2010,Lance Stroll,0.0
2011,Lance Stroll,0.0
2012,Lance Stroll,0.0
2013,Lance Stroll,0.0
2014,Lance Stroll,0.0
2015,Lance Stroll,0.0
2016,Lance Stroll,0.0
2017,Lance Stroll,40.0
2018,Lance Stroll,6.0
2019,Lance Stroll,21.0
2020,Lance Stroll,75.0
2021,Lance Stroll,34.0
2022,Lance Stroll,18.0
2023,Lance Stroll,74.0
2024,Lance Stroll,24.0
2025,Lance Stroll,33.0
2026,Lance Stroll,0.0
2000,Pierre Gasly,0.0
2001,Pierre Gasly,0.0
2002,Pierre Gasly,0.0
2003,Pierre Gasly,0.0
2004,Pierre Gasly,0.0
2005,Pierre Gasly,0.0
2006,Pierre Gasly,0.0
2007,Pierre Gasly,0.0
2008,Pierre Gasly,0.0
2009,Pierre Gasly,0.0
2010,Pierre Gasly,0.0
2011,Pierre Gasly,0.0
2012,Pierre Gasly,0.0
2013,Pierre Gasly,0.0
2014,Pierre Gasly,0.0
2015,Pierre Gasly,0.0
2016,Pierre Gasly,0.0
2017,Pierre Gasly,0.0
2018,Pierre Gasly,29.0
2019,Pierre Gasly,95.0
2020,Pierre Gasly,75.0
2021,Pierre Gasly,110.0
2022,Pierre Gasly,23.0
2023,Pierre Gasly,62.0
2024,Pierre Gasly,42.0
2025,Pierre Gasly,22.0
2026,Pierre Gasly,42.0
2000,Antonio Giovinazzi,0.0
2001,Antonio Giovinazzi,0.0
2002,Antonio Giovinazzi,0.0
2003,Antonio Giovinazzi,0.0
2004,Antonio Giovinazzi,0.0
2005,Antonio Giovinazzi,0.0
2006,Antonio Giovinazzi,0.0
2007,Antonio Giovinazzi,0.0
2008,Antonio Giovinazzi,0.0
2009,Antonio Giovinazzi,0.0
2010,Antonio Giovinazzi,0.0
2011,Antonio Giovinazzi,0.0
2012,Antonio Giovinazzi,0.0
2013,Antonio Giovinazzi,0.0
2014,Antonio Giovinazzi,0.0
2015,Antonio Giovinazzi,0.0
2016,Antonio Giovinazzi,0.0
2017,Antonio Giovinazzi,0.0
2018,Antonio Giovinazzi,0.0
2019,Antonio Giovinazzi,14.0
2020,Antonio Giovinazzi,4.0
2021,Antonio Giovinazzi,3.0
2022,Antonio Giovinazzi,0.0
2023,Antonio Giovinazzi,0.0
2024,Antonio Giovinazzi,0.0
2025,Antonio Giovinazzi,0.0
2026,Antonio Giovinazzi,0.0
2000,Brendon Hartley,0.0
2001,Brendon Hartley,0.0
2002,Brendon Hartley,0.0
2003,Brendon Hartley,0.0
2004,Brendon Hartley,0.0
2005,Brendon Hartley,0.0
2006,Brendon Hartley,0.0
2007,Brendon Hartley,0.0
2008,Brendon Hartley,0.0
2009,Brendon Hartley,0.0
2010,Brendon Hartley,0.0
2011,Brendon Hartley,0.0
2012,Brendon Hartley,0.0
2013,Brendon Hartley,0.0
2014,Brendon Hartley,0.0
2015,Brendon Hartley,0.0
2016,Brendon Hartley,0.0
2017,Brendon Hartley,0.0
2018,Brendon Hartley,4.0
2019,Brendon Hartley,0.0
2020,Brendon Hartley,0.0
2021,Brendon Hartley,0.0
2022,Brendon Hartley,0.0
2023,Brendon Hartley,0.0
2024,Brendon Hartley,0.0
2025,Brendon Hartley,0.0
2026,Brendon Hartley,0.0
2000,Charles Leclerc,0.0
2001,Charles Leclerc,0.0
2002,Charles Leclerc,0.0
2003,Charles Leclerc,0.0
2004,Charles Leclerc,0.0
2005,Charles Leclerc,0.0
2006,Charles Leclerc,0.0
2007,Charles Leclerc,0.0
2008,Charles Leclerc,0.0
2009,Charles Leclerc,0.0
2010,Charles Leclerc,0.0
2011,Charles Leclerc,0.0
2012,Charles Leclerc,0.0
2013,Charles Leclerc,0.0
2014,Charles Leclerc,0.0
2015,Charles Leclerc,0.0
2016,Charles Leclerc,0.0
2017,Charles Leclerc,0.0
2018,Charles Leclerc,39.0
2019,Charles Leclerc,264.0
2020,Charles Leclerc,98.0
2021,Charles Leclerc,159.0
2022,Charles Leclerc,308.0
2023,Charles Leclerc,206.0
2024,Charles Leclerc,356.0
2025,Charles Leclerc,242.0
2026,Charles Leclerc,108.0
2000,Sergey Sirotkin,0.0
2001,Sergey Sirotkin,0.0
2002,Sergey Sirotkin,0.0
2003,Sergey Sirotkin,0.0
2004,Sergey Sirotkin,0.0
2005,Sergey Sirotkin,0.0
2006,Sergey Sirotkin,0.0
2007,Sergey Sirotkin,0.0
2008,Sergey Sirotkin,0.0
2009,Sergey Sirotkin,0.0
2010,Sergey Sirotkin,0.0
2011,Sergey Sirotkin,0.0
2012,Sergey Sirotkin,0.0
2013,Sergey Sirotkin,0.0
2014,Sergey Sirotkin,0.0
2015,Sergey Sirotkin,0.0
2016,Sergey Sirotkin,0.0
2017,Sergey Sirotkin,0.0
2018,Sergey Sirotkin,1.0
2019,Sergey Sirotkin,0.0
2020,Sergey Sirotkin,0.0
2021,Sergey Sirotkin,0.0
2022,Sergey Sirotkin,0.0
2023,Sergey Sirotkin,0.0
2024,Sergey Sirotkin,0.0
2025,Sergey Sirotkin,0.0
2026,Sergey Sirotkin,0.0
2000,Alexander Albon,0.0
2001,Alexander Albon,0.0
2002,Alexander Albon,0.0
2003,Alexander Albon,0.0
2004,Alexander Albon,0.0
2005,Alexander Albon,0.0
2006,Alexander Albon,0.0
2007,Alexander Albon,0.0
2008,Alexander Albon,0.0
2009,Alexander Albon,0.0
2010,Alexander Albon,0.0
2011,Alexander Albon,0.0
2012,Alexander Albon,0.0
2013,Alexander Albon,0.0
2014,Alexander Albon,0.0
2015,Alexander Albon,0.0
2016,Alexander Albon,0.0
2017,Alexander Albon,0.0
2018,Alexander Albon,0.0
2019,Alexander Albon,92.0
2020,Alexander Albon,105.0
2021,Alexander Albon,0.0
2022,Alexander Albon,4.0
2023,Alexander Albon,27.0
2024,Alexander Albon,12.0
2025,Alexander Albon,73.0
2026,Alexander Albon,5.0
2000,Lando Norris,0.0
2001,Lando Norris,0.0
2002,Lando Norris,0.0
2003,Lando Norris,0.0
2004,Lando Norris,0.0
2005,Lando Norris,0.0
2006,Lando Norris,0.0
2007,Lando Norris,0.0
2008,Lando Norris,0.0
2009,Lando Norris,0.0
2010,Lando Norris,0.0
2011,Lando Norris,0.0
2012,Lando Norris,0.0
2013,Lando Norris,0.0
2014,Lando Norris,0.0
2015,Lando Norris,0.0
2016,Lando Norris,0.0
2017,Lando Norris,0.0
2018,Lando Norris,0.0
2019,Lando Norris,49.0
2020,Lando Norris,97.0
2021,Lando Norris,160.0
2022,Lando Norris,122.0
2023,Lando Norris,205.0
2024,Lando Norris,374.0
2025,Lando Norris,423.0
2026,Lando Norris,97.0
2000,George Russell,0.0
2001,George Russell,0.0
2002,George Russell,0.0
2003,George Russell,0.0
2004,George Russell,0.0
2005,George Russell,0.0
2006,George Russell,0.0
2007,George Russell,0.0
2008,George Russell,0.0
2009,George Russell,0.0
2010,George Russell,0.0
2011,George Russell,0.0
2012,George Russell,0.0
2013,George Russell,0.0
2014,George Russell,0.0
2015,George Russell,0.0
2016,George Russell,0.0
2017,George Russell,0.0
2018,George Russell,0.0
2019,George Russell,0.0
2020,George Russell,3.0
2021,George Russell,16.0
2022,George Russell,275.0
2023,George Russell,175.0
2024,George Russell,245.0
2025,George Russell,319.0
2026,George Russell,154.0
2000,Nicholas Latifi,0.0
2001,Nicholas Latifi,0.0
2002,Nicholas Latifi,0.0
2003,Nicholas Latifi,0.0
2004,Nicholas Latifi,0.0
2005,Nicholas Latifi,0.0
2006,Nicholas Latifi,0.0
2007,Nicholas Latifi,0.0
2008,Nicholas Latifi,0.0
2009,Nicholas Latifi,0.0
2010,Nicholas Latifi,0.0
2011,Nicholas Latifi,0.0
2012,Nicholas Latifi,0.0
2013,Nicholas Latifi,0.0
2014,Nicholas Latifi,0.0
2015,Nicholas Latifi,0.0
2016,Nicholas Latifi,0.0
2017,Nicholas Latifi,0.0
2018,Nicholas Latifi,0.0
2019,Nicholas Latifi,0.0
2020,Nicholas Latifi,0.0
2021,Nicholas Latifi,7.0
2022,Nicholas Latifi,2.0
2023,Nicholas Latifi,0.0
2024,Nicholas Latifi,0.0
2025,Nicholas Latifi,0.0
2026,Nicholas Latifi,0.0
2000,Jack Aitken,0.0
2001,Jack Aitken,0.0
2002,Jack Aitken,0.0
2003,Jack Aitken,0.0
2004,Jack Aitken,0.0
2005,Jack Aitken,0.0
2006,Jack Aitken,0.0
2007,Jack Aitken,0.0
2008,Jack Aitken,0.0
2009,Jack Aitken,0.0
2010,Jack Aitken,0.0
2011,Jack Aitken,0.0
2012,Jack Aitken,0.0
2013,Jack Aitken,0.0
2014,Jack Aitken,0.0
2015,Jack Aitken,0.0
2016,Jack Aitken,0.0
2017,Jack Aitken,0.0
2018,Jack Aitken,0.0
2019,Jack Aitken,0.0
2020,Jack Aitken,0.0
2021,Jack Aitken,0.0
2022,Jack Aitken,0.0
2023,Jack Aitken,0.0
2024,Jack Aitken,0.0
2025,Jack Aitken,0.0
2026,Jack Aitken,0.0
2000,Pietro Fittipaldi,0.0
2001,Pietro Fittipaldi,0.0
2002,Pietro Fittipaldi,0.0
2003,Pietro Fittipaldi,0.0
2004,Pietro Fittipaldi,0.0
2005,Pietro Fittipaldi,0.0
2006,Pietro Fittipaldi,0.0
2007,Pietro Fittipaldi,0.0
2008,Pietro Fittipaldi,0.0
2009,Pietro Fittipaldi,0.0
2010,Pietro Fittipaldi,0.0
2011,Pietro Fittipaldi,0.0
2012,Pietro Fittipaldi,0.0
2013,Pietro Fittipaldi,0.0
2014,Pietro Fittipaldi,0.0
2015,Pietro Fittipaldi,0.0
2016,Pietro Fittipaldi,0.0
2017,Pietro Fittipaldi,0.0
2018,Pietro Fittipaldi,0.0
2019,Pietro Fittipaldi,0.0
2020,Pietro Fittipaldi,0.0
2021,Pietro Fittipaldi,0.0
2022,Pietro Fittipaldi,0.0
2023,Pietro Fittipaldi,0.0
2024,Pietro Fittipaldi,0.0
2025,Pietro Fittipaldi,0.0
2026,Pietro Fittipaldi,0.0
2000,Yuki Tsunoda,0.0
2001,Yuki Tsunoda,0.0
2002,Yuki Tsunoda,0.0
2003,Yuki Tsunoda,0.0
2004,Yuki Tsunoda,0.0
2005,Yuki Tsunoda,0.0
2006,Yuki Tsunoda,0.0
2007,Yuki Tsunoda,0.0
2008,Yuki Tsunoda,0.0
2009,Yuki Tsunoda,0.0
2010,Yuki Tsunoda,0.0
2011,Yuki Tsunoda,0.0
2012,Yuki Tsunoda,0.0
2013,Yuki Tsunoda,0.0
2014,Yuki Tsunoda,0.0
2015,Yuki Tsunoda,0.0
2016,Yuki Tsunoda,0.0
2017,Yuki Tsunoda,0.0
2018,Yuki Tsunoda,0.0
2019,Yuki Tsunoda,0.0
2020,Yuki Tsunoda,0.0
2021,Yuki Tsunoda,32.0
2022,Yuki Tsunoda,12.0
2023,Yuki Tsunoda,17.0
2024,Yuki Tsunoda,30.0
2025,Yuki Tsunoda,33.0
2026,Yuki Tsunoda,0.0
2000,Mick Schumacher,0.0
2001,Mick Schumacher,0.0
2002,Mick Schumacher,0.0
2003,Mick Schumacher,0.0
2004,Mick Schumacher,0.0
2005,Mick Schumacher,0.0
2006,Mick Schumacher,0.0
2007,Mick Schumacher,0.0
2008,Mick Schumacher,0.0
2009,Mick Schumacher,0.0
2010,Mick Schumacher,0.0
2011,Mick Schumacher,0.0
2012,Mick Schumacher,0.0
2013,Mick Schumacher,0.0
2014,Mick Schumacher,0.0
2015,Mick Schumacher,0.0
2016,Mick Schumacher,0.0
2017,Mick Schumacher,0.0
2018,Mick Schumacher,0.0
2019,Mick Schumacher,0.0
2020,Mick Schumacher,0.0
2021,Mick Schumacher,0.0
2022,Mick Schumacher,12.0
2023,Mick Schumacher,0.0
2024,Mick Schumacher,0.0
2025,Mick Schumacher,0.0
2026,Mick Schumacher,0.0
2000,Nikita Mazepin,0.0
2001,Nikita Mazepin,0.0
2002,Nikita Mazepin,0.0
2003,Nikita Mazepin,0.0
2004,Nikita Mazepin,0.0
2005,Nikita Mazepin,0.0
2006,Nikita Mazepin,0.0
2007,Nikita Mazepin,0.0
2008,Nikita Mazepin,0.0
2009,Nikita Mazepin,0.0
2010,Nikita Mazepin,0.0
2011,Nikita Mazepin,0.0
2012,Nikita Mazepin,0.0
2013,Nikita Mazepin,0.0
2014,Nikita Mazepin,0.0
2015,Nikita Mazepin,0.0
2016,Nikita Mazepin,0.0
2017,Nikita Mazepin,0.0
2018,Nikita Mazepin,0.0
2019,Nikita Mazepin,0.0
2020,Nikita Mazepin,0.0
2021,Nikita Mazepin,0.0
2022,Nikita Mazepin,0.0
2023,Nikita Mazepin,0.0
2024,Nikita Mazepin,0.0
2025,Nikita Mazepin,0.0
2026,Nikita Mazepin,0.0
2000,Guanyu Zhou,0.0
2001,Guanyu Zhou,0.0
2002,Guanyu Zhou,0.0
2003,Guanyu Zhou,0.0
2004,Guanyu Zhou,0.0
2005,Guanyu Zhou,0.0
2006,Guanyu Zhou,0.0
2007,Guanyu Zhou,0.0
2008,Guanyu Zhou,0.0
2009,Guanyu Zhou,0.0
2010,Guanyu Zhou,0.0
2011,Guanyu Zhou,0.0
2012,Guanyu Zhou,0.0
2013,Guanyu Zhou,0.0
2014,Guanyu Zhou,0.0
2015,Guanyu Zhou,0.0
2016,Guanyu Zhou,0.0
2017,Guanyu Zhou,0.0
2018,Guanyu Zhou,0.0
2019,Guanyu Zhou,0.0
2020,Guanyu Zhou,0.0
2021,Guanyu Zhou,0.0
2022,Guanyu Zhou,6.0
2023,Guanyu Zhou,6.0
2024,Guanyu Zhou,4.0
2025,Guanyu Zhou,0.0
2026,Guanyu Zhou,0.0
2000,Nyck de Vries,0.0
2001,Nyck de Vries,0.0
2002,Nyck de Vries,0.0
2003,Nyck de Vries,0.0
2004,Nyck de Vries,0.0
2005,Nyck de Vries,0.0
2006,Nyck de Vries,0.0
2007,Nyck de Vries,0.0
2008,Nyck de Vries,0.0
2009,Nyck de Vries,0.0
2010,Nyck de Vries,0.0
2011,Nyck de Vries,0.0
2012,Nyck de Vries,0.0
2013,Nyck de Vries,0.0
2014,Nyck de Vries,0.0
2015,Nyck de Vries,0.0
2016,Nyck de Vries,0.0
2017,Nyck de Vries,0.0
2018,Nyck de Vries,0.0
2019,Nyck de Vries,0.0
2020,Nyck de Vries,0.0
2021,Nyck de Vries,0.0
2022,Nyck de Vries,2.0
2023,Nyck de Vries,0.0
2024,Nyck de Vries,0.0
2025,Nyck de Vries,0.0
2026,Nyck de Vries,0.0
2000,Oscar Piastri,0.0
2001,Oscar Piastri,0.0
2002,Oscar Piastri,0.0
2003,Oscar Piastri,0.0
2004,Oscar Piastri,0.0
2005,Oscar Piastri,0.0
2006,Oscar Piastri,0.0
2007,Oscar Piastri,0.0
2008,Oscar Piastri,0.0
2009,Oscar Piastri,0.0
2010,Oscar Piastri,0.0
2011,Oscar Piastri,0.0
2012,Oscar Piastri,0.0
2013,Oscar Piastri,0.0
2014,Oscar Piastri,0.0
2015,Oscar Piastri,0.0
2016,Oscar Piastri,0.0
2017,Oscar Piastri,0.0
2018,Oscar Piastri,0.0
2019,Oscar Piastri,0.0
2020,Oscar Piastri,0.0
2021,Oscar Piastri,0.0
2022,Oscar Piastri,0.0
2023,Oscar Piastri,97.0
2024,Oscar Piastri,292.0
2025,Oscar Piastri,410.0
2026,Oscar Piastri,82.0
2000,Liam Lawson,0.0
2001,Liam Lawson,0.0
2002,Liam Lawson,0.0
2003,Liam Lawson,0.0
2004,Liam Lawson,0.0
2005,Liam Lawson,0.0
2006,Liam Lawson,0.0
2007,Liam Lawson,0.0
2008,Liam Lawson,0.0
2009,Liam Lawson,0.0
2010,Liam Lawson,0.0
2011,Liam Lawson,0.0
2012,Liam Lawson,0.0
2013,Liam Lawson,0.0
2014,Liam Lawson,0.0
2015,Liam Lawson,0.0
2016,Liam Lawson,0.0
2017,Liam Lawson,0.0
2018,Liam Lawson,0.0
2019,Liam Lawson,0.0
2020,Liam Lawson,0.0
2021,Liam Lawson,0.0
2022,Liam Lawson,0.0
2023,Liam Lawson,2.0
2024,Liam Lawson,4.0
2025,Liam Lawson,38.0
2026,Liam Lawson,39.0
2000,Logan Sargeant,0.0
2001,Logan Sargeant,0.0
2002,Logan Sargeant,0.0
2003,Logan Sargeant,0.0
2004,Logan Sargeant,0.0
2005,Logan Sargeant,0.0
2006,Logan Sargeant,0.0
2007,Logan Sargeant,0.0
2008,Logan Sargeant,0.0
2009,Logan Sargeant,0.0
2010,Logan Sargeant,0.0
2011,Logan Sargeant,0.0
2012,Logan Sargeant,0.0
2013,Logan Sargeant,0.0
2014,Logan Sargeant,0.0
2015,Logan Sargeant,0.0
2016,Logan Sargeant,0.0
2017,Logan Sargeant,0.0
2018,Logan Sargeant,0.0
2019,Logan Sargeant,0.0
2020,Logan Sargeant,0.0
2021,Logan Sargeant,0.0
2022,Logan Sargeant,0.0
2023,Logan Sargeant,1.0
2024,Logan Sargeant,0.0
2025,Logan Sargeant,0.0
2026,Logan Sargeant,0.0
2000,Oliver Bearman,0.0
2001,Oliver Bearman,0.0
2002,Oliver Bearman,0.0
2003,Oliver Bearman,0.0
2004,Oliver Bearman,0.0
2005,Oliver Bearman,0.0
2006,Oliver Bearman,0.0
2007,Oliver Bearman,0.0
2008,Oliver Bearman,0.0
2009,Oliver Bearman,0.0
2010,Oliver Bearman,0.0
2011,Oliver Bearman,0.0
2012,Oliver Bearman,0.0
2013,Oliver Bearman,0.0
2014,Oliver Bearman,0.0
2015,Oliver Bearman,0.0
2016,Oliver Bearman,0.0
2017,Oliver Bearman,0.0
2018,Oliver Bearman,0.0
2019,Oliver Bearman,0.0
2020,Oliver Bearman,0.0
2021,Oliver Bearman,0.0
2022,Oliver Bearman,0.0
2023,Oliver Bearman,0.0
2024,Oliver Bearman,7.0
2025,Oliver Bearman,41.0
2026,Oliver Bearman,18.0
2000,Franco Colapinto,0.0
2001,Franco Colapinto,0.0
2002,Franco Colapinto,0.0
2003,Franco Colapinto,0.0
2004,Franco Colapinto,0.0
2005,Franco Colapinto,0.0
2006,Franco Colapinto,0.0
2007,Franco Colapinto,0.0
2008,Franco Colapinto,0.0
2009,Franco Colapinto,0.0
2010,Franco Colapinto,0.0
2011,Franco Colapinto,0.0
2012,Franco Colapinto,0.0
2013,Franco Colapinto,0.0
2014,Franco Colapinto,0.0
2015,Franco Colapinto,0.0
2016,Franco Colapinto,0.0
2017,Franco Colapinto,0.0
2018,Franco Colapinto,0.0
2019,Franco Colapinto,0.0
2020,Franco Colapinto,0.0
2021,Franco Colapinto,0.0
2022,Franco Colapinto,0.0
2023,Franco Colapinto,0.0
2024,Franco Colapinto,5.0
2025,Franco Colapinto,0.0
2026,Franco Colapinto,18.0
2000,Jack Doohan,0.0
2001,Jack Doohan,0.0
2002,Jack Doohan,0.0
2003,Jack Doohan,0.0
2004,Jack Doohan,0.0
2005,Jack Doohan,0.0
2006,Jack Doohan,0.0
2007,Jack Doohan,0.0
2008,Jack Doohan,0.0
2009,Jack Doohan,0.0
2010,Jack Doohan,0.0
2011,Jack Doohan,0.0
2012,Jack Doohan,0.0
2013,Jack Doohan,0.0
2014,Jack Doohan,0.0
2015,Jack Doohan,0.0
2016,Jack Doohan,0.0
2017,Jack Doohan,0.0
2018,Jack Doohan,0.0
2019,Jack Doohan,0.0
2020,Jack Doohan,0.0
2021,Jack Doohan,0.0
2022,Jack Doohan,0.0
2023,Jack Doohan,0.0
2024,Jack Doohan,0.0
2025,Jack Doohan,0.0
2026,Jack Doohan,0.0
2000,Andrea Kimi Antonelli,0.0
2001,Andrea Kimi Antonelli,0.0
2002,Andrea Kimi Antonelli,0.0
2003,Andrea Kimi Antonelli,0.0
2004,Andrea Kimi Antonelli,0.0
2005,Andrea Kimi Antonelli,0.0
2006,Andrea Kimi Antonelli,0.0
2007,Andrea Kimi Antonelli,0.0
2008,Andrea Kimi Antonelli,0.0
2009,Andrea Kimi Antonelli,0.0
2010,Andrea Kimi Antonelli,0.0
2011,Andrea Kimi Antonelli,0.0
2012,Andrea Kimi Antonelli,0.0
2013,Andrea Kimi Antonelli,0.0
2014,Andrea Kimi Antonelli,0.0
2015,Andrea Kimi Antonelli,0.0
2016,Andrea Kimi Antonelli,0.0
2017,Andrea Kimi Antonelli,0.0
2018,Andrea Kimi Antonelli,0.0
2019,Andrea Kimi Antonelli,0.0
2020,Andrea Kimi Antonelli,0.0
2021,Andrea Kimi Antonelli,0.0
2022,Andrea Kimi Antonelli,0.0
2023,Andrea Kimi Antonelli,0.0
2024,Andrea Kimi Antonelli,0.0
2025,Andrea Kimi Antonelli,150.0
2026,Andrea Kimi Antonelli,179.0
2000,Isack Hadjar,0.0
2001,Isack Hadjar,0.0
2002,Isack Hadjar,0.0
2003,Isack Hadjar,0.0
2004,Isack Hadjar,0.0
2005,Isack Hadjar,0.0
2006,Isack Hadjar,0.0
2007,Isack Hadjar,0.0
2008,Isack Hadjar,0.0
2009,Isack Hadjar,0.0
2010,Isack Hadjar,0.0
2011,Isack Hadjar,0.0
2012,Isack Hadjar,0.0
2013,Isack Hadjar,0.0
2014,Isack Hadjar,0.0
2015,Isack Hadjar,0.0
2016,Isack Hadjar,0.0
2017,Isack Hadjar,0.0
2018,Isack Hadjar,0.0
2019,Isack Hadjar,0.0
2020,Isack Hadjar,0.0
2021,Isack Hadjar,0.0
2022,Isack Hadjar,0.0
2023,Isack Hadjar,0.0
2024,Isack Hadjar,0.0
2025,Isack Hadjar,51.0
2026,Isack Hadjar,52.0
2000,Gabriel Bortoleto,0.0
2001,Gabriel Bortoleto,0.0
2002,Gabriel Bortoleto,0.0
2003,Gabriel Bortoleto,0.0
2004,Gabriel Bortoleto,0.0
2005,Gabriel Bortoleto,0.0
2006,Gabriel Bortoleto,0.0
2007,Gabriel Bortoleto,0.0
2008,Gabriel Bortoleto,0.0
2009,Gabriel Bortoleto,0.0
2010,Gabriel Bortoleto,0.0
2011,Gabriel Bortoleto,0.0
2012,Gabriel Bortoleto,0.0
2013,Gabriel Bortoleto,0.0
2014,Gabriel Bortoleto,0.0
2015,Gabriel Bortoleto,0.0
2016,Gabriel Bortoleto,0.0
2017,Gabriel Bortoleto,0.0
2018,Gabriel Bortoleto,0.0
2019,Gabriel Bortoleto,0.0
2020,Gabriel Bortoleto,0.0
2021,Gabriel Bortoleto,0.0
2022,Gabriel Bortoleto,0.0
2023,Gabriel Bortoleto,0.0
2024,Gabriel Bortoleto,0.0
2025,Gabriel Bortoleto,19.0
2026,Gabriel Bortoleto,6.0
2000,Arvid Lindblad,0.0
2001,Arvid Lindblad,0.0
2002,Arvid Lindblad,0.0
2003,Arvid Lindblad,0.0
2004,Arvid Lindblad,0.0
2005,Arvid Lindblad,0.0
2006,Arvid Lindblad,0.0
2007,Arvid Lindblad,0.0
2008,Arvid Lindblad,0.0
2009,Arvid Lindblad,0.0
2010,Arvid Lindblad,0.0
2011,Arvid Lindblad,0.0
2012,Arvid Lindblad,0.0
2013,Arvid Lindblad,0.0
2014,Arvid Lindblad,0.0
2015,Arvid Lindblad,0.0
2016,Arvid Lindblad,0.0
2017,Arvid Lindblad,0.0
2018,Arvid Lindblad,0.0
2019,Arvid Lindblad,0.0
2020,Arvid Lindblad,0.0
2021,Arvid Lindblad,0.0
2022,Arvid Lindblad,0.0
2023,Arvid Lindblad,0.0
2024,Arvid Lindblad,0.0
2025,Arvid Lindblad,0.0
2026,Arvid Lindblad,20.0
