season,round,driver,points
2021,1,Lewis Hamilton,25.0
2021,1,Max Verstappen,18.0
2021,1,Valtteri Bottas,16.0
2021,1,Lando Norris,12.0
2021,1,Sergio Pérez,10.0
2021,1,Charles Leclerc,8.0
2021,1,Daniel Ricciardo,6.0
2021,1,Carlos Sainz,4.0
2021,1,Yuki Tsunoda,2.0
2021,1,Lance Stroll,1.0
2021,1,Kimi Räikkönen,0.0
2021,1,Antonio Giovinazzi,0.0
2021,1,Esteban Ocon,0.0
2021,1,George Russell,0.0
2021,1,Sebastian Vettel,0.0
2021,1,Mick Schumacher,0.0
2021,1,Pierre Gasly,0.0
2021,1,Nicholas Latifi,0.0
2021,1,Fernando Alonso,0.0
2021,1,Nikita Mazepin,0.0
2021,2,Lewis Hamilton,44.0
2021,2,Max Verstappen,43.0
2021,2,Lando Norris,27.0
2021,2,Charles Leclerc,20.0
2021,2,Valtteri Bottas,16.0
2021,2,Carlos Sainz,14.0
2021,2,Daniel Ricciardo,14.0
2021,2,Sergio Pérez,10.0
2021,2,Pierre Gasly,6.0
2021,2,Lance Stroll,5.0
2021,2,Yuki Tsunoda,2.0
2021,2,Esteban Ocon,2.0
2021,2,Fernando Alonso,1.0
2021,2,Kimi Räikkönen,0.0
2021,2,Antonio Giovinazzi,0.0
2021,2,George Russell,0.0
2021,2,Sebastian Vettel,0.0
2021,2,Mick Schumacher,0.0
2021,2,Nikita Mazepin,0.0
2021,2,Nicholas Latifi,0.0
2021,3,Lewis Hamilton,69.0
2021,3,Max Verstappen,61.0
2021,3,Lando Norris,37.0
2021,3,Valtteri Bottas,32.0
2021,3,Charles Leclerc,28.0
2021,3,Sergio Pérez,22.0
2021,3,Daniel Ricciardo,16.0
2021,3,Carlos Sainz,14.0
2021,3,Esteban Ocon,8.0
2021,3,Pierre Gasly,7.0
2021,3,Lance Stroll,5.0
2021,3,Fernando Alonso,5.0
2021,3,Yuki Tsunoda,2.0
2021,3,Kimi Räikkönen,0.0
2021,3,Antonio Giovinazzi,0.0
2021,3,Sebastian Vettel,0.0
2021,3,George Russell,0.0
2021,3,Mick Schumacher,0.0
2021,3,Nikita Mazepin,0.0
2021,3,Nicholas Latifi,0.0
2021,4,Lewis Hamilton,94.0
2021,4,Max Verstappen,80.0
2021,4,Valtteri Bottas,47.0
2021,4,Lando Norris,41.0
2021,4,Charles Leclerc,40.0
2021,4,Sergio Pérez,32.0
2021,4,Daniel Ricciardo,24.0
2021,4,Carlos Sainz,20.0
2021,4,Esteban Ocon,10.0
2021,4,Pierre Gasly,8.0
2021,4,Lance Stroll,5.0
2021,4,Fernando Alonso,5.0
2021,4,Yuki Tsunoda,2.0
2021,4,Kimi Räikkönen,0.0
2021,4,Antonio Giovinazzi,0.0
2021,4,Sebastian Vettel,0.0
2021,4,George Russell,0.0
2021,4,Mick Schumacher,0.0
2021,4,Nicholas Latifi,0.0
2021,4,Nikita Mazepin,0.0
2021,5,Max Verstappen,105.0
2021,5,Lewis Hamilton,101.0
2021,5,Lando Norris,56.0
2021,5,Valtteri Bottas,47.0
2021,5,Sergio Pérez,44.0
2021,5,Charles Leclerc,40.0
2021,5,Carlos Sainz,38.0
2021,5,Daniel Ricciardo,24.0
2021,5,Pierre Gasly,16.0
2021,5,Esteban Ocon,12.0
2021,5,Sebastian Vettel,10.0
2021,5,Lance Stroll,9.0
2021,5,Fernando Alonso,5.0
2021,5,Yuki Tsunoda,2.0
2021,5,Antonio Giovinazzi,1.0
2021,5,Kimi Räikkönen,0.0
2021,5,George Russell,0.0
2021,5,Nicholas Latifi,0.0
2021,5,Mick Schumacher,0.0
2021,5,Nikita Mazepin,0.0
2021,6,Max Verstappen,105.0
2021,6,Lewis Hamilton,101.0
2021,6,Sergio Pérez,69.0
2021,6,Lando Norris,66.0
2021,6,Charles Leclerc,52.0
2021,6,Valtteri Bottas,47.0
2021,6,Carlos Sainz,42.0
2021,6,Pierre Gasly,31.0
2021,6,Sebastian Vettel,28.0
2021,6,Daniel Ricciardo,26.0
2021,6,Fernando Alonso,13.0
2021,6,Esteban Ocon,12.0
2021,6,Lance Stroll,9.0
2021,6,Yuki Tsunoda,8.0
2021,6,Kimi Räikkönen,1.0
2021,6,Antonio Giovinazzi,1.0
2021,6,Mick Schumacher,0.0
2021,6,George Russell,0.0
2021,6,Nikita Mazepin,0.0
2021,6,Nicholas Latifi,0.0
2021,7,Max Verstappen,131.0
2021,7,Lewis Hamilton,119.0
2021,7,Sergio Pérez,84.0
2021,7,Lando Norris,76.0
2021,7,Valtteri Bottas,59.0
2021,7,Charles Leclerc,52.0
2021,7,Carlos Sainz,42.0
2021,7,Pierre Gasly,37.0
2021,7,Daniel Ricciardo,34.0
2021,7,Sebastian Vettel,30.0
2021,7,Fernando Alonso,17.0
2021,7,Esteban Ocon,12.0
2021,7,Lance Stroll,10.0
2021,7,Yuki Tsunoda,8.0
2021,7,Kimi Räikkönen,1.0
2021,7,Antonio Giovinazzi,1.0
2021,7,George Russell,0.0
2021,7,Mick Schumacher,0.0
2021,7,Nikita Mazepin,0.0
2021,7,Nicholas Latifi,0.0
2021,8,Max Verstappen,156.0
2021,8,Lewis Hamilton,138.0
2021,8,Sergio Pérez,96.0
2021,8,Lando Norris,86.0
2021,8,Valtteri Bottas,74.0
2021,8,Charles Leclerc,58.0
2021,8,Carlos Sainz,50.0
2021,8,Pierre Gasly,37.0
2021,8,Daniel Ricciardo,34.0
2021,8,Sebastian Vettel,30.0
2021,8,Fernando Alonso,19.0
2021,8,Lance Stroll,14.0
2021,8,Esteban Ocon,12.0
2021,8,Yuki Tsunoda,9.0
2021,8,Kimi Räikkönen,1.0
2021,8,Antonio Giovinazzi,1.0
2021,8,George Russell,0.0
2021,8,Mick Schumacher,0.0
2021,8,Nikita Mazepin,0.0
2021,8,Nicholas Latifi,0.0
2021,9,Max Verstappen,182.0
2021,9,Lewis Hamilton,150.0
2021,9,Sergio Pérez,104.0
2021,9,Lando Norris,101.0
2021,9,Valtteri Bottas,92.0
2021,9,Charles Leclerc,62.0
2021,9,Carlos Sainz,60.0
2021,9,Daniel Ricciardo,40.0
2021,9,Pierre Gasly,39.0
2021,9,Sebastian Vettel,30.0
2021,9,Fernando Alonso,20.0
2021,9,Lance Stroll,14.0
2021,9,Esteban Ocon,12.0
2021,9,Yuki Tsunoda,9.0
2021,9,Kimi Räikkönen,1.0
2021,9,Antonio Giovinazzi,1.0
2021,9,George Russell,0.0
2021,9,Mick Schumacher,0.0
2021,9,Nikita Mazepin,0.0
2021,9,Nicholas Latifi,0.0
2021,10,Max Verstappen,185.0
2021,10,Lewis Hamilton,177.0
2021,10,Lando Norris,113.0
2021,10,Valtteri Bottas,108.0
2021,10,Sergio Pérez,104.0
2021,10,Charles Leclerc,80.0
2021,10,Carlos Sainz,68.0
2021,10,Daniel Ricciardo,50.0
2021,10,Pierre Gasly,39.0
2021,10,Sebastian Vettel,30.0
2021,10,Fernando Alonso,26.0
2021,10,Lance Stroll,18.0
2021,10,Esteban Ocon,14.0
2021,10,Yuki Tsunoda,10.0
2021,10,Kimi Räikkönen,1.0
2021,10,Antonio Giovinazzi,1.0
2021,10,George Russell,0.0
2021,10,Mick Schumacher,0.0
2021,10,Nicholas Latifi,0.0
2021,10,Nikita Mazepin,0.0
2021,11,Lewis Hamilton,195.0
2021,11,Max Verstappen,187.0
2021,11,Lando Norris,113.0
2021,11,Valtteri Bottas,108.0
2021,11,Sergio Pérez,104.0
2021,11,Carlos Sainz,83.0
2021,11,Charles Leclerc,80.0
2021,11,Pierre Gasly,50.0
2021,11,Daniel Ricciardo,50.0
2021,11,Esteban Ocon,39.0
2021,11,Fernando Alonso,38.0
2021,11,Sebastian Vettel,30.0
2021,11,Yuki Tsunoda,18.0
2021,11,Lance Stroll,18.0
2021,11,Nicholas Latifi,6.0
2021,11,George Russell,4.0
2021,11,Kimi Räikkönen,2.0
2021,11,Antonio Giovinazzi,1.0
2021,11,Mick Schumacher,0.0
2021,11,Nikita Mazepin,0.0
2021,12,Lewis Hamilton,202.5
2021,12,Max Verstappen,199.5
2021,12,Lando Norris,113.0
2021,12,Valtteri Bottas,108.0
2021,12,Sergio Pérez,104.0
2021,12,Carlos Sainz,83.5
2021,12,Charles Leclerc,82.0
2021,12,Daniel Ricciardo,56.0
2021,12,Pierre Gasly,54.0
2021,12,Esteban Ocon,42.0
2021,12,Fernando Alonso,38.0
2021,12,Sebastian Vettel,35.0
2021,12,Yuki Tsunoda,18.0
2021,12,Lance Stroll,18.0
2021,12,George Russell,13.0
2021,12,Nicholas Latifi,7.0
2021,12,Kimi Räikkönen,2.0
2021,12,Antonio Giovinazzi,1.0
2021,12,Mick Schumacher,0.0
2021,12,Nikita Mazepin,0.0
2021,13,Max Verstappen,224.5
2021,13,Lewis Hamilton,221.5
2021,13,Valtteri Bottas,123.0
2021,13,Lando Norris,114.0
2021,13,Sergio Pérez,108.0
2021,13,Charles Leclerc,92.0
2021,13,Carlos Sainz,89.5
2021,13,Pierre Gasly,66.0
2021,13,Daniel Ricciardo,56.0
2021,13,Fernando Alonso,46.0
2021,13,Esteban Ocon,44.0
2021,13,Sebastian Vettel,35.0
2021,13,Yuki Tsunoda,18.0
2021,13,Lance Stroll,18.0
2021,13,George Russell,13.0
2021,13,Nicholas Latifi,7.0
2021,13,Kimi Räikkönen,2.0
2021,13,Antonio Giovinazzi,1.0
2021,13,Mick Schumacher,0.0
2021,13,Nikita Mazepin,0.0
2021,13,Robert Kubica,0.0
2021,14,Max Verstappen,226.5
2021,14,Lewis Hamilton,221.5
2021,14,Valtteri Bottas,141.0
2021,14,Lando Norris,132.0
2021,14,Sergio Pérez,118.0
2021,14,Charles Leclerc,104.0
2021,14,Carlos Sainz,97.5
2021,14,Daniel Ricciardo,83.0
2021,14,Pierre Gasly,66.0
2021,14,Fernando Alonso,50.0
2021,14,Esteban Ocon,45.0
2021,14,Sebastian Vettel,35.0
2021,14,Lance Stroll,24.0
2021,14,Yuki Tsunoda,18.0
2021,14,George Russell,15.0
2021,14,Nicholas Latifi,7.0
2021,14,Kimi Räikkönen,2.0
2021,14,Antonio Giovinazzi,1.0
2021,14,Mick Schumacher,0.0
2021,14,Robert Kubica,0.0
2021,14,Nikita Mazepin,0.0
2021,15,Lewis Hamilton,246.5
2021,15,Max Verstappen,244.5
2021,15,Valtteri Bottas,151.0
2021,15,Lando Norris,139.0
2021,15,Sergio Pérez,120.0
2021,15,Carlos Sainz,112.5
2021,15,Charles Leclerc,104.0
2021,15,Daniel Ricciardo,95.0
2021,15,Pierre Gasly,66.0
2021,15,Fernando Alonso,58.0
2021,15,Esteban Ocon,45.0
2021,15,Sebastian Vettel,35.0
2021,15,Lance Stroll,24.0
2021,15,Yuki Tsunoda,18.0
2021,15,George Russell,16.0
2021,15,Nicholas Latifi,7.0
2021,15,Kimi Räikkönen,6.0
2021,15,Antonio Giovinazzi,1.0
2021,15,Mick Schumacher,0.0
2021,15,Robert Kubica,0.0
2021,15,Nikita Mazepin,0.0
2021,16,Max Verstappen,262.5
2021,16,Lewis Hamilton,256.5
2021,16,Valtteri Bottas,177.0
2021,16,Lando Norris,145.0
2021,16,Sergio Pérez,135.0
2021,16,Carlos Sainz,116.5
2021,16,Charles Leclerc,116.0
2021,16,Daniel Ricciardo,95.0
2021,16,Pierre Gasly,74.0
2021,16,Fernando Alonso,58.0
2021,16,Esteban Ocon,46.0
2021,16,Sebastian Vettel,35.0
2021,16,Lance Stroll,26.0
2021,16,Yuki Tsunoda,18.0
2021,16,George Russell,16.0
2021,16,Nicholas Latifi,7.0
2021,16,Kimi Räikkönen,6.0
2021,16,Antonio Giovinazzi,1.0
2021,16,Mick Schumacher,0.0
2021,16,Robert Kubica,0.0
2021,16,Nikita Mazepin,0.0
2021,17,Max Verstappen,287.5
2021,17,Lewis Hamilton,275.5
2021,17,Valtteri Bottas,185.0
2021,17,Sergio Pérez,150.0
2021,17,Lando Norris,149.0
2021,17,Charles Leclerc,128.0
2021,17,Carlos Sainz,122.5
2021,17,Daniel Ricciardo,105.0
2021,17,Pierre Gasly,74.0
2021,17,Fernando Alonso,58.0
2021,17,Esteban Ocon,46.0
2021,17,Sebastian Vettel,36.0
2021,17,Lance Stroll,26.0
2021,17,Yuki Tsunoda,20.0
2021,17,George Russell,16.0
2021,17,Nicholas Latifi,7.0
2021,17,Kimi Räikkönen,6.0
2021,17,Antonio Giovinazzi,1.0
2021,17,Mick Schumacher,0.0
2021,17,Robert Kubica,0.0
2021,17,Nikita Mazepin,0.0
2021,18,Max Verstappen,312.5
2021,18,Lewis Hamilton,293.5
2021,18,Valtteri Bottas,185.0
2021,18,Sergio Pérez,165.0
2021,18,Lando Norris,150.0
2021,18,Charles Leclerc,138.0
2021,18,Carlos Sainz,130.5
2021,18,Daniel Ricciardo,105.0
2021,18,Pierre Gasly,86.0
2021,18,Fernando Alonso,60.0
2021,18,Esteban Ocon,46.0
2021,18,Sebastian Vettel,42.0
2021,18,Lance Stroll,26.0
2021,18,Yuki Tsunoda,20.0
2021,18,George Russell,16.0
2021,18,Kimi Räikkönen,10.0
2021,18,Nicholas Latifi,7.0
2021,18,Antonio Giovinazzi,1.0
2021,18,Mick Schumacher,0.0
2021,18,Robert Kubica,0.0
2021,18,Nikita Mazepin,0.0
2021,19,Max Verstappen,332.5
2021,19,Lewis Hamilton,318.5
2021,19,Valtteri Bottas,203.0
2021,19,Sergio Pérez,178.0
2021,19,Lando Norris,151.0
2021,19,Charles Leclerc,148.0
2021,19,Carlos Sainz,139.5
2021,19,Daniel Ricciardo,105.0
2021,19,Pierre Gasly,92.0
2021,19,Fernando Alonso,62.0
2021,19,Esteban Ocon,50.0
2021,19,Sebastian Vettel,42.0
2021,19,Lance Stroll,26.0
2021,19,Yuki Tsunoda,20.0
2021,19,George Russell,16.0
2021,19,Kimi Räikkönen,10.0
2021,19,Nicholas Latifi,7.0
2021,19,Antonio Giovinazzi,1.0
2021,19,Mick Schumacher,0.0
2021,19,Robert Kubica,0.0
2021,19,Nikita Mazepin,0.0
2021,20,Max Verstappen,351.5
2021,20,Lewis Hamilton,343.5
2021,20,Valtteri Bottas,203.0
2021,20,Sergio Pérez,190.0
2021,20,Lando Norris,153.0
2021,20,Charles Leclerc,152.0
2021,20,Carlos Sainz,145.5
2021,20,Daniel Ricciardo,105.0
2021,20,Pierre Gasly,92.0
2021,20,Fernando Alonso,77.0
2021,20,Esteban Ocon,60.0
2021,20,Sebastian Vettel,43.0
2021,20,Lance Stroll,34.0
2021,20,Yuki Tsunoda,20.0
2021,20,George Russell,16.0
2021,20,Kimi Räikkönen,10.0
2021,20,Nicholas Latifi,7.0
2021,20,Antonio Giovinazzi,1.0
2021,20,Mick Schumacher,0.0
2021,20,Robert Kubica,0.0
2021,20,Nikita Mazepin,0.0
2021,21,Max Verstappen,369.5
2021,21,Lewis Hamilton,369.5
2021,21,Valtteri Bottas,218.0
2021,21,Sergio Pérez,190.0
2021,21,Charles Leclerc,158.0
2021,21,Lando Norris,154.0
2021,21,Carlos Sainz,149.5
2021,21,Daniel Ricciardo,115.0
2021,21,Pierre Gasly,100.0
2021,21,Fernando Alonso,77.0
2021,21,Esteban Ocon,72.0
2021,21,Sebastian Vettel,43.0
2021,21,Lance Stroll,34.0
2021,21,Yuki Tsunoda,20.0
2021,21,George Russell,16.0
2021,21,Kimi Räikkönen,10.0
2021,21,Nicholas Latifi,7.0
2021,21,Antonio Giovinazzi,3.0
2021,21,Mick Schumacher,0.0
2021,21,Robert Kubica,0.0
2021,21,Nikita Mazepin,0.0
2021,22,Max Verstappen,395.5
2021,22,Lewis Hamilton,387.5
2021,22,Valtteri Bottas,226.0
2021,22,Sergio Pérez,190.0
2021,22,Carlos Sainz,164.5
2021,22,Lando Norris,160.0
2021,22,Charles Leclerc,159.0
2021,22,Daniel Ricciardo,115.0
2021,22,Pierre Gasly,110.0
2021,22,Fernando Alonso,81.0
2021,22,Esteban Ocon,74.0
2021,22,Sebastian Vettel,43.0
2021,22,Lance Stroll,34.0
2021,22,Yuki Tsunoda,32.0
2021,22,George Russell,16.0
2021,22,Kimi Räikkönen,10.0
2021,22,Nicholas Latifi,7.0
2021,22,Antonio Giovinazzi,3.0
2021,22,Mick Schumacher,0.0
2021,22,Robert Kubica,0.0
2021,22,Nikita Mazepin,0.0
2022,1,Charles Leclerc,26.0
2022,1,Carlos Sainz,18.0
2022,1,Lewis Hamilton,15.0
2022,1,George Russell,12.0
2022,1,Kevin Magnussen,10.0
2022,1,Valtteri Bottas,8.0
2022,1,Esteban Ocon,6.0
2022,1,Yuki Tsunoda,4.0
2022,1,Fernando Alonso,2.0
2022,1,Guanyu Zhou,1.0
2022,1,Mick Schumacher,0.0
2022,1,Lance Stroll,0.0
2022,1,Alexander Albon,0.0
2022,1,Daniel Ricciardo,0.0
2022,1,Lando Norris,0.0
2022,1,Nicholas Latifi,0.0
2022,1,Nico Hülkenberg,0.0
2022,1,Sergio Pérez,0.0
2022,1,Max Verstappen,0.0
2022,1,Pierre Gasly,0.0
2022,2,Charles Leclerc,45.0
2022,2,Carlos Sainz,33.0
2022,2,Max Verstappen,25.0
2022,2,George Russell,22.0
2022,2,Lewis Hamilton,16.0
2022,2,Esteban Ocon,14.0
2022,2,Sergio Pérez,12.0
2022,2,Kevin Magnussen,12.0
2022,2,Valtteri Bottas,8.0
2022,2,Lando Norris,6.0
2022,2,Yuki Tsunoda,4.0
2022,2,Pierre Gasly,4.0
2022,2,Fernando Alonso,2.0
2022,2,Guanyu Zhou,1.0
2022,2,Mick Schumacher,0.0
2022,2,Lance Stroll,0.0
2022,2,Nico Hülkenberg,0.0
2022,2,Alexander Albon,0.0
2022,2,Daniel Ricciardo,0.0
2022,2,Nicholas Latifi,0.0
2022,3,Charles Leclerc,71.0
2022,3,George Russell,37.0
2022,3,Carlos Sainz,33.0
2022,3,Sergio Pérez,30.0
2022,3,Lewis Hamilton,28.0
2022,3,Max Verstappen,25.0
2022,3,Esteban Ocon,20.0
2022,3,Lando Norris,16.0
2022,3,Kevin Magnussen,12.0
2022,3,Valtteri Bottas,12.0
2022,3,Daniel Ricciardo,8.0
2022,3,Pierre Gasly,6.0
2022,3,Yuki Tsunoda,4.0
2022,3,Fernando Alonso,2.0
2022,3,Guanyu Zhou,1.0
2022,3,Alexander Albon,1.0
2022,3,Mick Schumacher,0.0
2022,3,Lance Stroll,0.0
2022,3,Nico Hülkenberg,0.0
2022,3,Nicholas Latifi,0.0
2022,3,Sebastian Vettel,0.0
2022,4,Charles Leclerc,86.0
2022,4,Max Verstappen,59.0
2022,4,Sergio Pérez,54.0
2022,4,George Russell,49.0
2022,4,Carlos Sainz,38.0
2022,4,Lando Norris,35.0
2022,4,Lewis Hamilton,28.0
2022,4,Valtteri Bottas,24.0
2022,4,Esteban Ocon,20.0
2022,4,Kevin Magnussen,15.0
2022,4,Daniel Ricciardo,11.0
2022,4,Yuki Tsunoda,10.0
2022,4,Pierre Gasly,6.0
2022,4,Sebastian Vettel,4.0
2022,4,Fernando Alonso,2.0
2022,4,Guanyu Zhou,1.0
2022,4,Alexander Albon,1.0
2022,4,Lance Stroll,1.0
2022,4,Mick Schumacher,0.0
2022,4,Nico Hülkenberg,0.0
2022,4,Nicholas Latifi,0.0
2022,5,Charles Leclerc,104.0
2022,5,Max Verstappen,85.0
2022,5,Sergio Pérez,66.0
2022,5,George Russell,59.0
2022,5,Carlos Sainz,53.0
2022,5,Lewis Hamilton,36.0
2022,5,Lando Norris,35.0
2022,5,Valtteri Bottas,30.0
2022,5,Esteban Ocon,24.0
2022,5,Kevin Magnussen,15.0
2022,5,Daniel Ricciardo,11.0
2022,5,Yuki Tsunoda,10.0
2022,5,Pierre Gasly,6.0
2022,5,Sebastian Vettel,4.0
2022,5,Alexander Albon,3.0
2022,5,Fernando Alonso,2.0
2022,5,Lance Stroll,2.0
2022,5,Guanyu Zhou,1.0
2022,5,Mick Schumacher,0.0
2022,5,Nico Hülkenberg,0.0
2022,5,Nicholas Latifi,0.0
2022,6,Max Verstappen,110.0
2022,6,Charles Leclerc,104.0
2022,6,Sergio Pérez,85.0
2022,6,George Russell,74.0
2022,6,Carlos Sainz,65.0
2022,6,Lewis Hamilton,46.0
2022,6,Lando Norris,39.0
2022,6,Valtteri Bottas,38.0
2022,6,Esteban Ocon,30.0
2022,6,Kevin Magnussen,15.0
2022,6,Daniel Ricciardo,11.0
2022,6,Yuki Tsunoda,11.0
2022,6,Pierre Gasly,6.0
2022,6,Sebastian Vettel,4.0
2022,6,Fernando Alonso,4.0
2022,6,Alexander Albon,3.0
2022,6,Lance Stroll,2.0
2022,6,Guanyu Zhou,1.0
2022,6,Mick Schumacher,0.0
2022,6,Nico Hülkenberg,0.0
2022,6,Nicholas Latifi,0.0
2022,7,Max Verstappen,125.0
2022,7,Charles Leclerc,116.0
2022,7,Sergio Pérez,110.0
2022,7,George Russell,84.0
2022,7,Carlos Sainz,83.0
2022,7,Lewis Hamilton,50.0
2022,7,Lando Norris,48.0
2022,7,Valtteri Bottas,40.0
2022,7,Esteban Ocon,30.0
2022,7,Kevin Magnussen,15.0
2022,7,Daniel Ricciardo,11.0
2022,7,Yuki Tsunoda,11.0
2022,7,Fernando Alonso,10.0
2022,7,Pierre Gasly,6.0
2022,7,Sebastian Vettel,5.0
2022,7,Alexander Albon,3.0
2022,7,Lance Stroll,2.0
2022,7,Guanyu Zhou,1.0
2022,7,Mick Schumacher,0.0
2022,7,Nico Hülkenberg,0.0
2022,7,Nicholas Latifi,0.0
2022,8,Max Verstappen,150.0
2022,8,Sergio Pérez,129.0
2022,8,Charles Leclerc,116.0
2022,8,George Russell,99.0
2022,8,Carlos Sainz,83.0
2022,8,Lewis Hamilton,62.0
2022,8,Lando Norris,50.0
2022,8,Valtteri Bottas,40.0
2022,8,Esteban Ocon,31.0
2022,8,Pierre Gasly,16.0
2022,8,Fernando Alonso,16.0
2022,8,Kevin Magnussen,15.0
2022,8,Daniel Ricciardo,15.0
2022,8,Sebastian Vettel,13.0
2022,8,Yuki Tsunoda,11.0
2022,8,Alexander Albon,3.0
2022,8,Lance Stroll,2.0
2022,8,Guanyu Zhou,1.0
2022,8,Mick Schumacher,0.0
2022,8,Nico Hülkenberg,0.0
2022,8,Nicholas Latifi,0.0
2022,9,Max Verstappen,175.0
2022,9,Sergio Pérez,129.0
2022,9,Charles Leclerc,126.0
2022,9,George Russell,111.0
2022,9,Carlos Sainz,102.0
2022,9,Lewis Hamilton,77.0
2022,9,Lando Norris,50.0
2022,9,Valtteri Bottas,46.0
2022,9,Esteban Ocon,39.0
2022,9,Fernando Alonso,18.0
2022,9,Pierre Gasly,16.0
2022,9,Kevin Magnussen,15.0
2022,9,Daniel Ricciardo,15.0
2022,9,Sebastian Vettel,13.0
2022,9,Yuki Tsunoda,11.0
2022,9,Guanyu Zhou,5.0
2022,9,Alexander Albon,3.0
2022,9,Lance Stroll,3.0
2022,9,Mick Schumacher,0.0
2022,9,Nico Hülkenberg,0.0
2022,9,Nicholas Latifi,0.0
2022,10,Max Verstappen,181.0
2022,10,Sergio Pérez,147.0
2022,10,Charles Leclerc,138.0
2022,10,Carlos Sainz,127.0
2022,10,George Russell,111.0
2022,10,Lewis Hamilton,93.0
2022,10,Lando Norris,58.0
2022,10,Valtteri Bottas,46.0
2022,10,Esteban Ocon,39.0
2022,10,Fernando Alonso,28.0
2022,10,Pierre Gasly,16.0
2022,10,Kevin Magnussen,16.0
2022,10,Sebastian Vettel,15.0
2022,10,Daniel Ricciardo,15.0
2022,10,Yuki Tsunoda,11.0
2022,10,Guanyu Zhou,5.0
2022,10,Mick Schumacher,4.0
2022,10,Alexander Albon,3.0
2022,10,Lance Stroll,3.0
2022,10,Nicholas Latifi,0.0
2022,10,Nico Hülkenberg,0.0
2022,11,Max Verstappen,208.0
2022,11,Charles Leclerc,170.0
2022,11,Sergio Pérez,151.0
2022,11,Carlos Sainz,133.0
2022,11,George Russell,128.0
2022,11,Lewis Hamilton,109.0
2022,11,Lando Norris,64.0
2022,11,Esteban Ocon,52.0
2022,11,Valtteri Bottas,46.0
2022,11,Fernando Alonso,29.0
2022,11,Kevin Magnussen,22.0
2022,11,Daniel Ricciardo,17.0
2022,11,Pierre Gasly,16.0
2022,11,Sebastian Vettel,15.0
2022,11,Mick Schumacher,12.0
2022,11,Yuki Tsunoda,11.0
2022,11,Guanyu Zhou,5.0
2022,11,Alexander Albon,3.0
2022,11,Lance Stroll,3.0
2022,11,Nicholas Latifi,0.0
2022,11,Nico Hülkenberg,0.0
2022,12,Max Verstappen,233.0
2022,12,Charles Leclerc,170.0
2022,12,Sergio Pérez,163.0
2022,12,Carlos Sainz,144.0
2022,12,George Russell,143.0
2022,12,Lewis Hamilton,127.0
2022,12,Lando Norris,70.0
2022,12,Esteban Ocon,56.0
2022,12,Valtteri Bottas,46.0
2022,12,Fernando Alonso,37.0
2022,12,Kevin Magnussen,22.0
2022,12,Daniel Ricciardo,19.0
2022,12,Pierre Gasly,16.0
2022,12,Sebastian Vettel,15.0
2022,12,Mick Schumacher,12.0
2022,12,Yuki Tsunoda,11.0
2022,12,Guanyu Zhou,5.0
2022,12,Lance Stroll,4.0
2022,12,Alexander Albon,3.0
2022,12,Nicholas Latifi,0.0
2022,12,Nico Hülkenberg,0.0
2022,13,Max Verstappen,258.0
2022,13,Charles Leclerc,178.0
2022,13,Sergio Pérez,173.0
2022,13,George Russell,158.0
2022,13,Carlos Sainz,156.0
2022,13,Lewis Hamilton,146.0
2022,13,Lando Norris,76.0
2022,13,Esteban Ocon,58.0
2022,13,Valtteri Bottas,46.0
2022,13,Fernando Alonso,41.0
2022,13,Kevin Magnussen,22.0
2022,13,Daniel Ricciardo,19.0
2022,13,Pierre Gasly,16.0
2022,13,Sebastian Vettel,16.0
2022,13,Mick Schumacher,12.0
2022,13,Yuki Tsunoda,11.0
2022,13,Guanyu Zhou,5.0
2022,13,Lance Stroll,4.0
2022,13,Alexander Albon,3.0
2022,13,Nicholas Latifi,0.0
2022,13,Nico Hülkenberg,0.0
2022,14,Max Verstappen,284.0
2022,14,Sergio Pérez,191.0
2022,14,Charles Leclerc,186.0
2022,14,Carlos Sainz,171.0
2022,14,George Russell,170.0
2022,14,Lewis Hamilton,146.0
2022,14,Lando Norris,76.0
2022,14,Esteban Ocon,64.0
2022,14,Fernando Alonso,51.0
2022,14,Valtteri Bottas,46.0
2022,14,Kevin Magnussen,22.0
2022,14,Sebastian Vettel,20.0
2022,14,Daniel Ricciardo,19.0
2022,14,Pierre Gasly,18.0
2022,14,Mick Schumacher,12.0
2022,14,Yuki Tsunoda,11.0
2022,14,Guanyu Zhou,5.0
2022,14,Alexander Albon,4.0
2022,14,Lance Stroll,4.0
2022,14,Nicholas Latifi,0.0
2022,14,Nico Hülkenberg,0.0
2022,15,Max Verstappen,310.0
2022,15,Charles Leclerc,201.0
2022,15,Sergio Pérez,201.0
2022,15,George Russell,188.0
2022,15,Carlos Sainz,175.0
2022,15,Lewis Hamilton,158.0
2022,15,Lando Norris,82.0
2022,15,Esteban Ocon,66.0
2022,15,Fernando Alonso,59.0
2022,15,Valtteri Bottas,46.0
2022,15,Kevin Magnussen,22.0
2022,15,Sebastian Vettel,20.0
2022,15,Daniel Ricciardo,19.0
2022,15,Pierre Gasly,18.0
2022,15,Mick Schumacher,12.0
2022,15,Yuki Tsunoda,11.0
2022,15,Guanyu Zhou,5.0
2022,15,Lance Stroll,5.0
2022,15,Alexander Albon,4.0
2022,15,Nicholas Latifi,0.0
2022,15,Nico Hülkenberg,0.0
2022,16,Max Verstappen,335.0
2022,16,Charles Leclerc,219.0
2022,16,Sergio Pérez,210.0
2022,16,George Russell,203.0
2022,16,Carlos Sainz,187.0
2022,16,Lewis Hamilton,168.0
2022,16,Lando Norris,88.0
2022,16,Esteban Ocon,66.0
2022,16,Fernando Alonso,59.0
2022,16,Valtteri Bottas,46.0
2022,16,Pierre Gasly,22.0
2022,16,Kevin Magnussen,22.0
2022,16,Sebastian Vettel,20.0
2022,16,Daniel Ricciardo,19.0
2022,16,Mick Schumacher,12.0
2022,16,Yuki Tsunoda,11.0
2022,16,Guanyu Zhou,6.0
2022,16,Lance Stroll,5.0
2022,16,Alexander Albon,4.0
2022,16,Nyck de Vries,2.0
2022,16,Nicholas Latifi,0.0
2022,16,Nico Hülkenberg,0.0
2022,17,Max Verstappen,341.0
2022,17,Charles Leclerc,237.0
2022,17,Sergio Pérez,235.0
2022,17,George Russell,203.0
2022,17,Carlos Sainz,202.0
2022,17,Lewis Hamilton,170.0
2022,17,Lando Norris,100.0
2022,17,Esteban Ocon,66.0
2022,17,Fernando Alonso,59.0
2022,17,Valtteri Bottas,46.0
2022,17,Daniel Ricciardo,29.0
2022,17,Sebastian Vettel,24.0
2022,17,Pierre Gasly,23.0
2022,17,Kevin Magnussen,22.0
2022,17,Lance Stroll,13.0
2022,17,Mick Schumacher,12.0
2022,17,Yuki Tsunoda,11.0
2022,17,Guanyu Zhou,6.0
2022,17,Alexander Albon,4.0
2022,17,Nyck de Vries,2.0
2022,17,Nicholas Latifi,0.0
2022,17,Nico Hülkenberg,0.0
2022,18,Max Verstappen,366.0
2022,18,Sergio Pérez,253.0
2022,18,Charles Leclerc,252.0
2022,18,George Russell,207.0
2022,18,Carlos Sainz,202.0
2022,18,Lewis Hamilton,180.0
2022,18,Lando Norris,101.0
2022,18,Esteban Ocon,78.0
2022,18,Fernando Alonso,65.0
2022,18,Valtteri Bottas,46.0
2022,18,Sebastian Vettel,32.0
2022,18,Daniel Ricciardo,29.0
2022,18,Pierre Gasly,23.0
2022,18,Kevin Magnussen,22.0
2022,18,Lance Stroll,13.0
2022,18,Mick Schumacher,12.0
2022,18,Yuki Tsunoda,11.0
2022,18,Guanyu Zhou,6.0
2022,18,Alexander Albon,4.0
2022,18,Nicholas Latifi,2.0
2022,18,Nyck de Vries,2.0
2022,18,Nico Hülkenberg,0.0
2022,19,Max Verstappen,391.0
2022,19,Charles Leclerc,267.0
2022,19,Sergio Pérez,265.0
2022,19,George Russell,218.0
2022,19,Carlos Sainz,202.0
2022,19,Lewis Hamilton,198.0
2022,19,Lando Norris,109.0
2022,19,Esteban Ocon,78.0
2022,19,Fernando Alonso,71.0
2022,19,Valtteri Bottas,46.0
2022,19,Sebastian Vettel,36.0
2022,19,Daniel Ricciardo,29.0
2022,19,Kevin Magnussen,24.0
2022,19,Pierre Gasly,23.0
2022,19,Lance Stroll,13.0
2022,19,Mick Schumacher,12.0
2022,19,Yuki Tsunoda,12.0
2022,19,Guanyu Zhou,6.0
2022,19,Alexander Albon,4.0
2022,19,Nicholas Latifi,2.0
2022,19,Nyck de Vries,2.0
2022,19,Nico Hülkenberg,0.0
2022,20,Max Verstappen,416.0
2022,20,Sergio Pérez,280.0
2022,20,Charles Leclerc,275.0
2022,20,George Russell,231.0
2022,20,Lewis Hamilton,216.0
2022,20,Carlos Sainz,212.0
2022,20,Lando Norris,111.0
2022,20,Esteban Ocon,82.0
2022,20,Fernando Alonso,71.0
2022,20,Valtteri Bottas,47.0
2022,20,Sebastian Vettel,36.0
2022,20,Daniel Ricciardo,35.0
2022,20,Kevin Magnussen,24.0
2022,20,Pierre Gasly,23.0
2022,20,Lance Stroll,13.0
2022,20,Mick Schumacher,12.0
2022,20,Yuki Tsunoda,12.0
2022,20,Guanyu Zhou,6.0
2022,20,Alexander Albon,4.0
2022,20,Nicholas Latifi,2.0
2022,20,Nyck de Vries,2.0
2022,20,Nico Hülkenberg,0.0
2022,21,Max Verstappen,429.0
2022,21,Charles Leclerc,290.0
2022,21,Sergio Pérez,290.0
2022,21,George Russell,265.0
2022,21,Lewis Hamilton,240.0
2022,21,Carlos Sainz,234.0
2022,21,Lando Norris,113.0
2022,21,Esteban Ocon,86.0
2022,21,Fernando Alonso,81.0
2022,21,Valtteri Bottas,49.0
2022,21,Sebastian Vettel,36.0
2022,21,Daniel Ricciardo,35.0
2022,21,Kevin Magnussen,25.0
2022,21,Pierre Gasly,23.0
2022,21,Lance Stroll,14.0
2022,21,Mick Schumacher,12.0
2022,21,Yuki Tsunoda,12.0
2022,21,Guanyu Zhou,6.0
2022,21,Alexander Albon,4.0
2022,21,Nicholas Latifi,2.0
2022,21,Nyck de Vries,2.0
2022,21,Nico Hülkenberg,0.0
2022,22,Max Verstappen,454.0
2022,22,Charles Leclerc,308.0
2022,22,Sergio Pérez,305.0
2022,22,George Russell,275.0
2022,22,Carlos Sainz,246.0
2022,22,Lewis Hamilton,240.0
2022,22,Lando Norris,122.0
2022,22,Esteban Ocon,92.0
2022,22,Fernando Alonso,81.0
2022,22,Valtteri Bottas,49.0
2022,22,Daniel Ricciardo,37.0
2022,22,Sebastian Vettel,37.0
2022,22,Kevin Magnussen,25.0
2022,22,Pierre Gasly,23.0
2022,22,Lance Stroll,18.0
2022,22,Mick Schumacher,12.0
2022,22,Yuki Tsunoda,12.0
2022,22,Guanyu Zhou,6.0
2022,22,Alexander Albon,4.0
2022,22,Nicholas Latifi,2.0
2022,22,Nyck de Vries,2.0
2022,22,Nico Hülkenberg,0.0
2023,1,Max Verstappen,25.0
2023,1,Sergio Pérez,18.0
2023,1,Fernando Alonso,15.0
2023,1,Carlos Sainz,12.0
2023,1,Lewis Hamilton,10.0
2023,1,Lance Stroll,8.0
2023,1,George Russell,6.0
2023,1,Valtteri Bottas,4.0
2023,1,Pierre Gasly,2.0
2023,1,Alexander Albon,1.0
2023,1,Yuki Tsunoda,0.0
2023,1,Logan Sargeant,0.0
2023,1,Kevin Magnussen,0.0
2023,1,Nyck de Vries,0.0
2023,1,Nico Hülkenberg,0.0
2023,1,Guanyu Zhou,0.0
2023,1,Lando Norris,0.0
2023,1,Esteban Ocon,0.0
2023,1,Charles Leclerc,0.0
2023,1,Oscar Piastri,0.0
2023,2,Max Verstappen,44.0
2023,2,Sergio Pérez,43.0
2023,2,Fernando Alonso,30.0
2023,2,Carlos Sainz,20.0
2023,2,Lewis Hamilton,20.0
2023,2,George Russell,18.0
2023,2,Lance Stroll,8.0
2023,2,Charles Leclerc,6.0
2023,2,Valtteri Bottas,4.0
2023,2,Esteban Ocon,4.0
2023,2,Pierre Gasly,4.0
2023,2,Kevin Magnussen,1.0
2023,2,Alexander Albon,1.0
2023,2,Yuki Tsunoda,0.0
2023,2,Nico Hülkenberg,0.0
2023,2,Logan Sargeant,0.0
2023,2,Guanyu Zhou,0.0
2023,2,Nyck de Vries,0.0
2023,2,Oscar Piastri,0.0
2023,2,Lando Norris,0.0
2023,3,Max Verstappen,69.0
2023,3,Sergio Pérez,54.0
2023,3,Fernando Alonso,45.0
2023,3,Lewis Hamilton,38.0
2023,3,Carlos Sainz,20.0
2023,3,Lance Stroll,20.0
2023,3,George Russell,18.0
2023,3,Lando Norris,8.0
2023,3,Nico Hülkenberg,6.0
2023,3,Charles Leclerc,6.0
2023,3,Valtteri Bottas,4.0
2023,3,Esteban Ocon,4.0
2023,3,Oscar Piastri,4.0
2023,3,Pierre Gasly,4.0
2023,3,Guanyu Zhou,2.0
2023,3,Yuki Tsunoda,1.0
2023,3,Kevin Magnussen,1.0
2023,3,Alexander Albon,1.0
2023,3,Logan Sargeant,0.0
2023,3,Nyck de Vries,0.0
2023,4,Max Verstappen,93.0
2023,4,Sergio Pérez,87.0
2023,4,Fernando Alonso,60.0
2023,4,Lewis Hamilton,48.0
2023,4,Carlos Sainz,34.0
2023,4,Charles Leclerc,28.0
2023,4,George Russell,28.0
2023,4,Lance Stroll,27.0
2023,4,Lando Norris,10.0
2023,4,Nico Hülkenberg,6.0
2023,4,Oscar Piastri,4.0
2023,4,Valtteri Bottas,4.0
2023,4,Esteban Ocon,4.0
2023,4,Pierre Gasly,4.0
2023,4,Guanyu Zhou,2.0
2023,4,Yuki Tsunoda,2.0
2023,4,Alexander Albon,1.0
2023,4,Kevin Magnussen,1.0
2023,4,Logan Sargeant,0.0
2023,4,Nyck de Vries,0.0
2023,5,Max Verstappen,119.0
2023,5,Sergio Pérez,105.0
2023,5,Fernando Alonso,75.0
2023,5,Lewis Hamilton,56.0
2023,5,Carlos Sainz,44.0
2023,5,George Russell,40.0
2023,5,Charles Leclerc,34.0
2023,5,Lance Stroll,27.0
2023,5,Lando Norris,10.0
2023,5,Pierre Gasly,8.0
2023,5,Nico Hülkenberg,6.0
2023,5,Esteban Ocon,6.0
2023,5,Valtteri Bottas,4.0
2023,5,Oscar Piastri,4.0
2023,5,Guanyu Zhou,2.0
2023,5,Yuki Tsunoda,2.0
2023,5,Kevin Magnussen,2.0
2023,5,Alexander Albon,1.0
2023,5,Logan Sargeant,0.0
2023,5,Nyck de Vries,0.0
2023,6,Max Verstappen,144.0
2023,6,Sergio Pérez,105.0
2023,6,Fernando Alonso,93.0
2023,6,Lewis Hamilton,69.0
2023,6,George Russell,50.0
2023,6,Carlos Sainz,48.0
2023,6,Charles Leclerc,42.0
2023,6,Lance Stroll,27.0
2023,6,Esteban Ocon,21.0
2023,6,Pierre Gasly,14.0
2023,6,Lando Norris,12.0
2023,6,Nico Hülkenberg,6.0
2023,6,Oscar Piastri,5.0
2023,6,Valtteri Bottas,4.0
2023,6,Guanyu Zhou,2.0
2023,6,Yuki Tsunoda,2.0
2023,6,Kevin Magnussen,2.0
2023,6,Alexander Albon,1.0
2023,6,Nyck de Vries,0.0
2023,6,Logan Sargeant,0.0
2023,7,Max Verstappen,170.0
2023,7,Sergio Pérez,117.0
2023,7,Fernando Alonso,99.0
2023,7,Lewis Hamilton,87.0
2023,7,George Russell,65.0
2023,7,Carlos Sainz,58.0
2023,7,Charles Leclerc,42.0
2023,7,Lance Stroll,35.0
2023,7,Esteban Ocon,25.0
2023,7,Pierre Gasly,15.0
2023,7,Lando Norris,12.0
2023,7,Nico Hülkenberg,6.0
2023,7,Oscar Piastri,5.0
2023,7,Valtteri Bottas,4.0
2023,7,Guanyu Zhou,4.0
2023,7,Yuki Tsunoda,2.0
2023,7,Kevin Magnussen,2.0
2023,7,Alexander Albon,1.0
2023,7,Nyck de Vries,0.0
2023,7,Logan Sargeant,0.0
2023,8,Max Verstappen,195.0
2023,8,Sergio Pérez,126.0
2023,8,Fernando Alonso,117.0
2023,8,Lewis Hamilton,102.0
2023,8,Carlos Sainz,68.0
2023,8,George Russell,65.0
2023,8,Charles Leclerc,54.0
2023,8,Lance Stroll,37.0
2023,8,Esteban Ocon,29.0
2023,8,Pierre Gasly,15.0
2023,8,Lando Norris,12.0
2023,8,Alexander Albon,7.0
2023,8,Nico Hülkenberg,6.0
2023,8,Oscar Piastri,5.0
2023,8,Valtteri Bottas,5.0
2023,8,Guanyu Zhou,4.0
2023,8,Yuki Tsunoda,2.0
2023,8,Kevin Magnussen,2.0
2023,8,Nyck de Vries,0.0
2023,8,Logan Sargeant,0.0
2023,9,Max Verstappen,229.0
2023,9,Sergio Pérez,148.0
2023,9,Fernando Alonso,131.0
2023,9,Lewis Hamilton,106.0
2023,9,Carlos Sainz,82.0
2023,9,Charles Leclerc,72.0
2023,9,George Russell,72.0
2023,9,Lance Stroll,44.0
2023,9,Esteban Ocon,31.0
2023,9,Lando Norris,24.0
2023,9,Pierre Gasly,16.0
2023,9,Nico Hülkenberg,9.0
2023,9,Alexander Albon,7.0
2023,9,Oscar Piastri,5.0
2023,9,Valtteri Bottas,5.0
2023,9,Guanyu Zhou,4.0
2023,9,Yuki Tsunoda,2.0
2023,9,Kevin Magnussen,2.0
2023,9,Logan Sargeant,0.0
2023,9,Nyck de Vries,0.0
2023,10,Max Verstappen,255.0
2023,10,Sergio Pérez,156.0
2023,10,Fernando Alonso,137.0
2023,10,Lewis Hamilton,121.0
2023,10,Carlos Sainz,83.0
2023,10,George Russell,82.0
2023,10,Charles Leclerc,74.0
2023,10,Lance Stroll,44.0
2023,10,Lando Norris,42.0
2023,10,Esteban Ocon,31.0
2023,10,Oscar Piastri,17.0
2023,10,Pierre Gasly,16.0
2023,10,Alexander Albon,11.0
2023,10,Nico Hülkenberg,9.0
2023,10,Valtteri Bottas,5.0
2023,10,Guanyu Zhou,4.0
2023,10,Yuki Tsunoda,2.0
2023,10,Kevin Magnussen,2.0
2023,10,Logan Sargeant,0.0
2023,10,Nyck de Vries,0.0
2023,11,Max Verstappen,281.0
2023,11,Sergio Pérez,171.0
2023,11,Fernando Alonso,139.0
2023,11,Lewis Hamilton,133.0
2023,11,George Russell,90.0
2023,11,Carlos Sainz,87.0
2023,11,Charles Leclerc,80.0
2023,11,Lando Norris,60.0
2023,11,Lance Stroll,45.0
2023,11,Esteban Ocon,31.0
2023,11,Oscar Piastri,27.0
2023,11,Pierre Gasly,16.0
2023,11,Alexander Albon,11.0
2023,11,Nico Hülkenberg,9.0
2023,11,Valtteri Bottas,5.0
2023,11,Guanyu Zhou,4.0
2023,11,Yuki Tsunoda,2.0
2023,11,Kevin Magnussen,2.0
2023,11,Logan Sargeant,0.0
2023,11,Nyck de Vries,0.0
2023,11,Daniel Ricciardo,0.0
2023,12,Max Verstappen,314.0
2023,12,Sergio Pérez,189.0
2023,12,Fernando Alonso,149.0
2023,12,Lewis Hamilton,148.0
2023,12,Charles Leclerc,99.0
2023,12,George Russell,99.0
2023,12,Carlos Sainz,92.0
2023,12,Lando Norris,69.0
2023,12,Lance Stroll,47.0
2023,12,Esteban Ocon,35.0
2023,12,Oscar Piastri,34.0
2023,12,Pierre Gasly,22.0
2023,12,Alexander Albon,11.0
2023,12,Nico Hülkenberg,9.0
2023,12,Valtteri Bottas,5.0
2023,12,Guanyu Zhou,4.0
2023,12,Yuki Tsunoda,3.0
2023,12,Kevin Magnussen,2.0
2023,12,Logan Sargeant,0.0
2023,12,Nyck de Vries,0.0
2023,12,Daniel Ricciardo,0.0
2023,13,Max Verstappen,339.0
2023,13,Sergio Pérez,201.0
2023,13,Fernando Alonso,168.0
2023,13,Lewis Hamilton,156.0
2023,13,Carlos Sainz,102.0
2023,13,Charles Leclerc,99.0
2023,13,George Russell,99.0
2023,13,Lando Norris,75.0
2023,13,Lance Stroll,47.0
2023,13,Pierre Gasly,37.0
2023,13,Esteban Ocon,36.0
2023,13,Oscar Piastri,36.0
2023,13,Alexander Albon,15.0
2023,13,Nico Hülkenberg,9.0
2023,13,Valtteri Bottas,5.0
2023,13,Guanyu Zhou,4.0
2023,13,Yuki Tsunoda,3.0
2023,13,Kevin Magnussen,2.0
2023,13,Logan Sargeant,0.0
2023,13,Nyck de Vries,0.0
2023,13,Daniel Ricciardo,0.0
2023,13,Liam Lawson,0.0
2023,14,Max Verstappen,364.0
2023,14,Sergio Pérez,219.0
2023,14,Fernando Alonso,170.0
2023,14,Lewis Hamilton,164.0
2023,14,Carlos Sainz,117.0
2023,14,Charles Leclerc,111.0
2023,14,George Russell,109.0
2023,14,Lando Norris,79.0
2023,14,Lance Stroll,47.0
2023,14,Pierre Gasly,37.0
2023,14,Esteban Ocon,36.0
2023,14,Oscar Piastri,36.0
2023,14,Alexander Albon,21.0
2023,14,Nico Hülkenberg,9.0
2023,14,Valtteri Bottas,6.0
2023,14,Guanyu Zhou,4.0
2023,14,Yuki Tsunoda,3.0
2023,14,Kevin Magnussen,2.0
2023,14,Logan Sargeant,0.0
2023,14,Liam Lawson,0.0
2023,14,Nyck de Vries,0.0
2023,14,Daniel Ricciardo,0.0
2023,15,Max Verstappen,374.0
2023,15,Sergio Pérez,223.0
2023,15,Lewis Hamilton,180.0
2023,15,Fernando Alonso,170.0
2023,15,Carlos Sainz,142.0
2023,15,Charles Leclerc,123.0
2023,15,George Russell,109.0
2023,15,Lando Norris,97.0
2023,15,Lance Stroll,47.0
2023,15,Pierre Gasly,45.0
2023,15,Oscar Piastri,42.0
2023,15,Esteban Ocon,36.0
2023,15,Alexander Albon,21.0
2023,15,Nico Hülkenberg,9.0
2023,15,Valtteri Bottas,6.0
2023,15,Guanyu Zhou,4.0
2023,15,Yuki Tsunoda,3.0
2023,15,Kevin Magnussen,3.0
2023,15,Liam Lawson,2.0
2023,15,Logan Sargeant,0.0
2023,15,Nyck de Vries,0.0
2023,15,Daniel Ricciardo,0.0
2023,16,Max Verstappen,400.0
2023,16,Sergio Pérez,223.0
2023,16,Lewis Hamilton,190.0
2023,16,Fernando Alonso,174.0
2023,16,Carlos Sainz,150.0
2023,16,Charles Leclerc,135.0
2023,16,Lando Norris,115.0
2023,16,George Russell,115.0
2023,16,Oscar Piastri,57.0
2023,16,Lance Stroll,47.0
2023,16,Pierre Gasly,46.0
2023,16,Esteban Ocon,38.0
2023,16,Alexander Albon,21.0
2023,16,Nico Hülkenberg,9.0
2023,16,Valtteri Bottas,6.0
2023,16,Guanyu Zhou,4.0
2023,16,Yuki Tsunoda,3.0
2023,16,Kevin Magnussen,3.0
2023,16,Liam Lawson,2.0
2023,16,Logan Sargeant,0.0
2023,16,Nyck de Vries,0.0
2023,16,Daniel Ricciardo,0.0
2023,17,Max Verstappen,433.0
2023,17,Sergio Pérez,224.0
2023,17,Lewis Hamilton,194.0
2023,17,Fernando Alonso,183.0
2023,17,Carlos Sainz,153.0
2023,17,Charles Leclerc,145.0
2023,17,Lando Norris,136.0
2023,17,George Russell,132.0
2023,17,Oscar Piastri,83.0
2023,17,Lance Stroll,47.0
2023,17,Pierre Gasly,46.0
2023,17,Esteban Ocon,44.0
2023,17,Alexander Albon,23.0
2023,17,Valtteri Bottas,10.0
2023,17,Nico Hülkenberg,9.0
2023,17,Guanyu Zhou,6.0
2023,17,Yuki Tsunoda,3.0
2023,17,Kevin Magnussen,3.0
2023,17,Liam Lawson,2.0
2023,17,Logan Sargeant,0.0
2023,17,Nyck de Vries,0.0
2023,17,Daniel Ricciardo,0.0
2023,18,Max Verstappen,466.0
2023,18,Sergio Pérez,240.0
2023,18,Lewis Hamilton,201.0
2023,18,Fernando Alonso,183.0
2023,18,Carlos Sainz,171.0
2023,18,Lando Norris,159.0
2023,18,Charles Leclerc,151.0
2023,18,George Russell,143.0
2023,18,Oscar Piastri,83.0
2023,18,Pierre Gasly,56.0
2023,18,Lance Stroll,53.0
2023,18,Esteban Ocon,44.0
2023,18,Alexander Albon,25.0
2023,18,Valtteri Bottas,10.0
2023,18,Nico Hülkenberg,9.0
2023,18,Yuki Tsunoda,8.0
2023,18,Guanyu Zhou,6.0
2023,18,Kevin Magnussen,3.0
2023,18,Liam Lawson,2.0
2023,18,Logan Sargeant,1.0
2023,18,Nyck de Vries,0.0
2023,18,Daniel Ricciardo,0.0
2023,19,Max Verstappen,491.0
2023,19,Sergio Pérez,240.0
2023,19,Lewis Hamilton,220.0
2023,19,Carlos Sainz,183.0
2023,19,Fernando Alonso,183.0
2023,19,Lando Norris,169.0
2023,19,Charles Leclerc,166.0
2023,19,George Russell,151.0
2023,19,Oscar Piastri,87.0
2023,19,Pierre Gasly,56.0
2023,19,Lance Stroll,53.0
2023,19,Esteban Ocon,45.0
2023,19,Alexander Albon,27.0
2023,19,Valtteri Bottas,10.0
2023,19,Nico Hülkenberg,9.0
2023,19,Yuki Tsunoda,8.0
2023,19,Daniel Ricciardo,6.0
2023,19,Guanyu Zhou,6.0
2023,19,Kevin Magnussen,3.0
2023,19,Liam Lawson,2.0
2023,19,Logan Sargeant,1.0
2023,19,Nyck de Vries,0.0
2023,20,Max Verstappen,524.0
2023,20,Sergio Pérez,258.0
2023,20,Lewis Hamilton,226.0
2023,20,Fernando Alonso,198.0
2023,20,Lando Norris,195.0
2023,20,Carlos Sainz,192.0
2023,20,Charles Leclerc,170.0
2023,20,George Russell,156.0
2023,20,Oscar Piastri,87.0
2023,20,Lance Stroll,63.0
2023,20,Pierre Gasly,62.0
2023,20,Esteban Ocon,46.0
2023,20,Alexander Albon,27.0
2023,20,Yuki Tsunoda,13.0
2023,20,Valtteri Bottas,10.0
2023,20,Nico Hülkenberg,9.0
2023,20,Daniel Ricciardo,6.0
2023,20,Guanyu Zhou,6.0
2023,20,Kevin Magnussen,3.0
2023,20,Liam Lawson,2.0
2023,20,Logan Sargeant,1.0
2023,20,Nyck de Vries,0.0
2023,21,Max Verstappen,549.0
2023,21,Sergio Pérez,273.0
2023,21,Lewis Hamilton,232.0
2023,21,Carlos Sainz,200.0
2023,21,Fernando Alonso,200.0
2023,21,Lando Norris,195.0
2023,21,Charles Leclerc,188.0
2023,21,George Russell,160.0
2023,21,Oscar Piastri,89.0
2023,21,Lance Stroll,73.0
2023,21,Pierre Gasly,62.0
2023,21,Esteban Ocon,58.0
2023,21,Alexander Albon,27.0
2023,21,Yuki Tsunoda,13.0
2023,21,Valtteri Bottas,10.0
2023,21,Nico Hülkenberg,9.0
2023,21,Daniel Ricciardo,6.0
2023,21,Guanyu Zhou,6.0
2023,21,Kevin Magnussen,3.0
2023,21,Liam Lawson,2.0
2023,21,Logan Sargeant,1.0
2023,21,Nyck de Vries,0.0
2023,22,Max Verstappen,575.0
2023,22,Sergio Pérez,285.0
2023,22,Lewis Hamilton,234.0
2023,22,Fernando Alonso,206.0
2023,22,Charles Leclerc,206.0
2023,22,Lando Norris,205.0
2023,22,Carlos Sainz,200.0
2023,22,George Russell,175.0
2023,22,Oscar Piastri,97.0
2023,22,Lance Stroll,74.0
2023,22,Pierre Gasly,62.0
2023,22,Esteban Ocon,58.0
2023,22,Alexander Albon,27.0
2023,22,Yuki Tsunoda,17.0
2023,22,Valtteri Bottas,10.0
2023,22,Nico Hülkenberg,9.0
2023,22,Daniel Ricciardo,6.0
2023,22,Guanyu Zhou,6.0
2023,22,Kevin Magnussen,3.0
2023,22,Liam Lawson,2.0
2023,22,Logan Sargeant,1.0
2023,22,Nyck de Vries,0.0
2024,1,Max Verstappen,26.0
2024,1,Sergio Pérez,18.0
2024,1,Carlos Sainz,15.0
2024,1,Charles Leclerc,12.0
2024,1,George Russell,10.0
2024,1,Lando Norris,8.0
2024,1,Lewis Hamilton,6.0
2024,1,Oscar Piastri,4.0
2024,1,Fernando Alonso,2.0
2024,1,Lance Stroll,1.0
2024,1,Guanyu Zhou,0.0
2024,1,Kevin Magnussen,0.0
2024,1,Daniel Ricciardo,0.0
2024,1,Yuki Tsunoda,0.0
2024,1,Alexander Albon,0.0
2024,1,Nico Hülkenberg,0.0
2024,1,Esteban Ocon,0.0
2024,1,Pierre Gasly,0.0
2024,1,Valtteri Bottas,0.0
2024,1,Logan Sargeant,0.0
2024,2,Max Verstappen,51.0
2024,2,Sergio Pérez,36.0
2024,2,Charles Leclerc,28.0
2024,2,George Russell,18.0
2024,2,Oscar Piastri,16.0
2024,2,Carlos Sainz,15.0
2024,2,Fernando Alonso,12.0
2024,2,Lando Norris,12.0
2024,2,Lewis Hamilton,8.0
2024,2,Oliver Bearman,6.0
2024,2,Nico Hülkenberg,1.0
2024,2,Lance Stroll,1.0
2024,2,Alexander Albon,0.0
2024,2,Guanyu Zhou,0.0
2024,2,Kevin Magnussen,0.0
2024,2,Daniel Ricciardo,0.0
2024,2,Esteban Ocon,0.0
2024,2,Yuki Tsunoda,0.0
2024,2,Logan Sargeant,0.0
2024,2,Valtteri Bottas,0.0
2024,2,Pierre Gasly,0.0
2024,3,Max Verstappen,51.0
2024,3,Charles Leclerc,47.0
2024,3,Sergio Pérez,46.0
2024,3,Carlos Sainz,40.0
2024,3,Oscar Piastri,28.0
2024,3,Lando Norris,27.0
2024,3,George Russell,18.0
2024,3,Fernando Alonso,16.0
2024,3,Lance Stroll,9.0
2024,3,Lewis Hamilton,8.0
2024,3,Yuki Tsunoda,6.0
2024,3,Oliver Bearman,6.0
2024,3,Nico Hülkenberg,3.0
2024,3,Kevin Magnussen,1.0
2024,3,Alexander Albon,0.0
2024,3,Guanyu Zhou,0.0
2024,3,Daniel Ricciardo,0.0
2024,3,Esteban Ocon,0.0
2024,3,Pierre Gasly,0.0
2024,3,Valtteri Bottas,0.0
2024,3,Logan Sargeant,0.0
2024,4,Max Verstappen,77.0
2024,4,Sergio Pérez,64.0
2024,4,Charles Leclerc,59.0
2024,4,Carlos Sainz,55.0
2024,4,Lando Norris,37.0
2024,4,Oscar Piastri,32.0
2024,4,George Russell,24.0
2024,4,Fernando Alonso,24.0
2024,4,Lewis Hamilton,10.0
2024,4,Lance Stroll,9.0
2024,4,Yuki Tsunoda,7.0
2024,4,Oliver Bearman,6.0
2024,4,Nico Hülkenberg,3.0
2024,4,Kevin Magnussen,1.0
2024,4,Alexander Albon,0.0
2024,4,Guanyu Zhou,0.0
2024,4,Daniel Ricciardo,0.0
2024,4,Esteban Ocon,0.0
2024,4,Pierre Gasly,0.0
2024,4,Valtteri Bottas,0.0
2024,4,Logan Sargeant,0.0
2024,5,Max Verstappen,110.0
2024,5,Sergio Pérez,85.0
2024,5,Charles Leclerc,76.0
2024,5,Carlos Sainz,69.0
2024,5,Lando Norris,58.0
2024,5,Oscar Piastri,38.0
2024,5,George Russell,33.0
2024,5,Fernando Alonso,31.0
2024,5,Lewis Hamilton,19.0
2024,5,Lance Stroll,9.0
2024,5,Yuki Tsunoda,7.0
2024,5,Oliver Bearman,6.0
2024,5,Nico Hülkenberg,4.0
2024,5,Kevin Magnussen,1.0
2024,5,Alexander Albon,0.0
2024,5,Esteban Ocon,0.0
2024,5,Guanyu Zhou,0.0
2024,5,Daniel Ricciardo,0.0
2024,5,Pierre Gasly,0.0
2024,5,Valtteri Bottas,0.0
2024,5,Logan Sargeant,0.0
2024,6,Max Verstappen,136.0
2024,6,Sergio Pérez,103.0
2024,6,Charles Leclerc,98.0
2024,6,Lando Norris,83.0
2024,6,Carlos Sainz,83.0
2024,6,Oscar Piastri,41.0
2024,6,George Russell,37.0
2024,6,Fernando Alonso,33.0
2024,6,Lewis Hamilton,27.0
2024,6,Yuki Tsunoda,14.0
2024,6,Lance Stroll,9.0
2024,6,Oliver Bearman,6.0
2024,6,Nico Hülkenberg,6.0
2024,6,Daniel Ricciardo,5.0
2024,6,Esteban Ocon,1.0
2024,6,Kevin Magnussen,1.0
2024,6,Alexander Albon,0.0
2024,6,Guanyu Zhou,0.0
2024,6,Pierre Gasly,0.0
2024,6,Valtteri Bottas,0.0
2024,6,Logan Sargeant,0.0
2024,7,Max Verstappen,161.0
2024,7,Charles Leclerc,113.0
2024,7,Sergio Pérez,107.0
2024,7,Lando Norris,101.0
2024,7,Carlos Sainz,93.0
2024,7,Oscar Piastri,53.0
2024,7,George Russell,44.0
2024,7,Lewis Hamilton,35.0
2024,7,Fernando Alonso,33.0
2024,7,Yuki Tsunoda,15.0
2024,7,Lance Stroll,11.0
2024,7,Oliver Bearman,6.0
2024,7,Nico Hülkenberg,6.0
2024,7,Daniel Ricciardo,5.0
2024,7,Esteban Ocon,1.0
2024,7,Kevin Magnussen,1.0
2024,7,Alexander Albon,0.0
2024,7,Guanyu Zhou,0.0
2024,7,Pierre Gasly,0.0
2024,7,Valtteri Bottas,0.0
2024,7,Logan Sargeant,0.0
2024,8,Max Verstappen,169.0
2024,8,Charles Leclerc,138.0
2024,8,Lando Norris,113.0
2024,8,Carlos Sainz,108.0
2024,8,Sergio Pérez,107.0
2024,8,Oscar Piastri,71.0
2024,8,George Russell,54.0
2024,8,Lewis Hamilton,42.0
2024,8,Fernando Alonso,33.0
2024,8,Yuki Tsunoda,19.0
2024,8,Lance Stroll,11.0
2024,8,Oliver Bearman,6.0
2024,8,Nico Hülkenberg,6.0
2024,8,Daniel Ricciardo,5.0
2024,8,Alexander Albon,2.0
2024,8,Esteban Ocon,1.0
2024,8,Kevin Magnussen,1.0
2024,8,Pierre Gasly,1.0
2024,8,Guanyu Zhou,0.0
2024,8,Valtteri Bottas,0.0
2024,8,Logan Sargeant,0.0
2024,9,Max Verstappen,194.0
2024,9,Charles Leclerc,138.0
2024,9,Lando Norris,131.0
2024,9,Carlos Sainz,108.0
2024,9,Sergio Pérez,107.0
2024,9,Oscar Piastri,81.0
2024,9,George Russell,69.0
2024,9,Lewis Hamilton,55.0
2024,9,Fernando Alonso,41.0
2024,9,Yuki Tsunoda,19.0
2024,9,Lance Stroll,17.0
2024,9,Daniel Ricciardo,9.0
2024,9,Oliver Bearman,6.0
2024,9,Nico Hülkenberg,6.0
2024,9,Pierre Gasly,3.0
2024,9,Alexander Albon,2.0
2024,9,Esteban Ocon,2.0
2024,9,Kevin Magnussen,1.0
2024,9,Guanyu Zhou,0.0
2024,9,Valtteri Bottas,0.0
2024,9,Logan Sargeant,0.0
2024,10,Max Verstappen,219.0
2024,10,Lando Norris,150.0
2024,10,Charles Leclerc,148.0
2024,10,Carlos Sainz,116.0
2024,10,Sergio Pérez,111.0
2024,10,Oscar Piastri,87.0
2024,10,George Russell,81.0
2024,10,Lewis Hamilton,70.0
2024,10,Fernando Alonso,41.0
2024,10,Yuki Tsunoda,19.0
2024,10,Lance Stroll,17.0
2024,10,Daniel Ricciardo,9.0
2024,10,Oliver Bearman,6.0
2024,10,Nico Hülkenberg,6.0
2024,10,Pierre Gasly,5.0
2024,10,Esteban Ocon,3.0
2024,10,Alexander Albon,2.0
2024,10,Kevin Magnussen,1.0
2024,10,Guanyu Zhou,0.0
2024,10,Valtteri Bottas,0.0
2024,10,Logan Sargeant,0.0
2024,11,Max Verstappen,237.0
2024,11,Lando Norris,156.0
2024,11,Charles Leclerc,150.0
2024,11,Carlos Sainz,135.0
2024,11,Sergio Pérez,118.0
2024,11,Oscar Piastri,112.0
2024,11,George Russell,111.0
2024,11,Lewis Hamilton,85.0
2024,11,Fernando Alonso,41.0
2024,11,Yuki Tsunoda,19.0
2024,11,Lance Stroll,17.0
2024,11,Nico Hülkenberg,14.0
2024,11,Daniel Ricciardo,11.0
2024,11,Oliver Bearman,6.0
2024,11,Pierre Gasly,6.0
2024,11,Kevin Magnussen,5.0
2024,11,Esteban Ocon,3.0
2024,11,Alexander Albon,2.0
2024,11,Guanyu Zhou,0.0
2024,11,Valtteri Bottas,0.0
2024,11,Logan Sargeant,0.0
2024,12,Max Verstappen,255.0
2024,12,Lando Norris,171.0
2024,12,Charles Leclerc,150.0
2024,12,Carlos Sainz,146.0
2024,12,Oscar Piastri,124.0
2024,12,Sergio Pérez,118.0
2024,12,George Russell,111.0
2024,12,Lewis Hamilton,110.0
2024,12,Fernando Alonso,45.0
2024,12,Lance Stroll,23.0
2024,12,Nico Hülkenberg,22.0
2024,12,Yuki Tsunoda,20.0
2024,12,Daniel Ricciardo,11.0
2024,12,Oliver Bearman,6.0
2024,12,Pierre Gasly,6.0
2024,12,Kevin Magnussen,5.0
2024,12,Alexander Albon,4.0
2024,12,Esteban Ocon,3.0
2024,12,Guanyu Zhou,0.0
2024,12,Logan Sargeant,0.0
2024,12,Valtteri Bottas,0.0
2024,13,Max Verstappen,265.0
2024,13,Lando Norris,189.0
2024,13,Charles Leclerc,162.0
2024,13,Carlos Sainz,154.0
2024,13,Oscar Piastri,149.0
2024,13,Lewis Hamilton,125.0
2024,13,Sergio Pérez,124.0
2024,13,George Russell,116.0
2024,13,Fernando Alonso,45.0
2024,13,Lance Stroll,24.0
2024,13,Nico Hülkenberg,22.0
2024,13,Yuki Tsunoda,22.0
2024,13,Daniel Ricciardo,11.0
2024,13,Oliver Bearman,6.0
2024,13,Pierre Gasly,6.0
2024,13,Kevin Magnussen,5.0
2024,13,Alexander Albon,4.0
2024,13,Esteban Ocon,3.0
2024,13,Guanyu Zhou,0.0
2024,13,Logan Sargeant,0.0
2024,13,Valtteri Bottas,0.0
2024,14,Max Verstappen,277.0
2024,14,Lando Norris,199.0
2024,14,Charles Leclerc,177.0
2024,14,Oscar Piastri,167.0
2024,14,Carlos Sainz,162.0
2024,14,Lewis Hamilton,150.0
2024,14,Sergio Pérez,131.0
2024,14,George Russell,116.0
2024,14,Fernando Alonso,49.0
2024,14,Lance Stroll,24.0
2024,14,Nico Hülkenberg,22.0
2024,14,Yuki Tsunoda,22.0
2024,14,Daniel Ricciardo,12.0
2024,14,Oliver Bearman,6.0
2024,14,Pierre Gasly,6.0
2024,14,Kevin Magnussen,5.0
2024,14,Esteban Ocon,5.0
2024,14,Alexander Albon,4.0
2024,14,Guanyu Zhou,0.0
2024,14,Logan Sargeant,0.0
2024,14,Valtteri Bottas,0.0
2024,15,Max Verstappen,295.0
2024,15,Lando Norris,225.0
2024,15,Charles Leclerc,192.0
2024,15,Oscar Piastri,179.0
2024,15,Carlos Sainz,172.0
2024,15,Lewis Hamilton,154.0
2024,15,Sergio Pérez,139.0
2024,15,George Russell,122.0
2024,15,Fernando Alonso,50.0
2024,15,Lance Stroll,24.0
2024,15,Nico Hülkenberg,22.0
2024,15,Yuki Tsunoda,22.0
2024,15,Daniel Ricciardo,12.0
2024,15,Pierre Gasly,8.0
2024,15,Oliver Bearman,6.0
2024,15,Kevin Magnussen,5.0
2024,15,Esteban Ocon,5.0
2024,15,Alexander Albon,4.0
2024,15,Guanyu Zhou,0.0
2024,15,Logan Sargeant,0.0
2024,15,Valtteri Bottas,0.0
2024,16,Max Verstappen,303.0
2024,16,Lando Norris,241.0
2024,16,Charles Leclerc,217.0
2024,16,Oscar Piastri,197.0
2024,16,Carlos Sainz,184.0
2024,16,Lewis Hamilton,164.0
2024,16,Sergio Pérez,143.0
2024,16,George Russell,128.0
2024,16,Fernando Alonso,50.0
2024,16,Lance Stroll,24.0
2024,16,Nico Hülkenberg,22.0
2024,16,Yuki Tsunoda,22.0
2024,16,Daniel Ricciardo,12.0
2024,16,Pierre Gasly,8.0
2024,16,Oliver Bearman,6.0
2024,16,Kevin Magnussen,6.0
2024,16,Alexander Albon,6.0
2024,16,Esteban Ocon,5.0
2024,16,Guanyu Zhou,0.0
2024,16,Logan Sargeant,0.0
2024,16,Franco Colapinto,0.0
2024,16,Valtteri Bottas,0.0
2024,17,Max Verstappen,313.0
2024,17,Lando Norris,254.0
2024,17,Charles Leclerc,235.0
2024,17,Oscar Piastri,222.0
2024,17,Carlos Sainz,184.0
2024,17,Lewis Hamilton,166.0
2024,17,George Russell,143.0
2024,17,Sergio Pérez,143.0
2024,17,Fernando Alonso,58.0
2024,17,Lance Stroll,24.0
2024,17,Nico Hülkenberg,22.0
2024,17,Yuki Tsunoda,22.0
2024,17,Alexander Albon,12.0
2024,17,Daniel Ricciardo,12.0
2024,17,Pierre Gasly,8.0
2024,17,Oliver Bearman,7.0
2024,17,Kevin Magnussen,6.0
2024,17,Esteban Ocon,5.0
2024,17,Franco Colapinto,4.0
2024,17,Guanyu Zhou,0.0
2024,17,Logan Sargeant,0.0
2024,17,Valtteri Bottas,0.0
2024,18,Max Verstappen,331.0
2024,18,Lando Norris,279.0
2024,18,Charles Leclerc,245.0
2024,18,Oscar Piastri,237.0
2024,18,Carlos Sainz,190.0
2024,18,Lewis Hamilton,174.0
2024,18,George Russell,155.0
2024,18,Sergio Pérez,144.0
2024,18,Fernando Alonso,62.0
2024,18,Nico Hülkenberg,24.0
2024,18,Lance Stroll,24.0
2024,18,Yuki Tsunoda,22.0
2024,18,Alexander Albon,12.0
2024,18,Daniel Ricciardo,12.0
2024,18,Pierre Gasly,8.0
2024,18,Oliver Bearman,7.0
2024,18,Kevin Magnussen,6.0
2024,18,Esteban Ocon,5.0
2024,18,Franco Colapinto,4.0
2024,18,Guanyu Zhou,0.0
2024,18,Logan Sargeant,0.0
2024,18,Valtteri Bottas,0.0
2024,19,Max Verstappen,354.0
2024,19,Lando Norris,297.0
2024,19,Charles Leclerc,275.0
2024,19,Oscar Piastri,247.0
2024,19,Carlos Sainz,215.0
2024,19,Lewis Hamilton,177.0
2024,19,George Russell,167.0
2024,19,Sergio Pérez,150.0
2024,19,Fernando Alonso,62.0
2024,19,Nico Hülkenberg,29.0
2024,19,Lance Stroll,24.0
2024,19,Yuki Tsunoda,22.0
2024,19,Alexander Albon,12.0
2024,19,Daniel Ricciardo,12.0
2024,19,Kevin Magnussen,8.0
2024,19,Pierre Gasly,8.0
2024,19,Oliver Bearman,7.0
2024,19,Franco Colapinto,5.0
2024,19,Esteban Ocon,5.0
2024,19,Liam Lawson,2.0
2024,19,Guanyu Zhou,0.0
2024,19,Logan Sargeant,0.0
2024,19,Valtteri Bottas,0.0
2024,20,Max Verstappen,362.0
2024,20,Lando Norris,315.0
2024,20,Charles Leclerc,291.0
2024,20,Oscar Piastri,251.0
2024,20,Carlos Sainz,240.0
2024,20,Lewis Hamilton,189.0
2024,20,George Russell,177.0
2024,20,Sergio Pérez,150.0
2024,20,Fernando Alonso,62.0
2024,20,Nico Hülkenberg,31.0
2024,20,Lance Stroll,24.0
2024,20,Yuki Tsunoda,22.0
2024,20,Kevin Magnussen,14.0
2024,20,Alexander Albon,12.0
2024,20,Daniel Ricciardo,12.0
2024,20,Pierre Gasly,9.0
2024,20,Oliver Bearman,7.0
2024,20,Franco Colapinto,5.0
2024,20,Esteban Ocon,5.0
2024,20,Liam Lawson,2.0
2024,20,Guanyu Zhou,0.0
2024,20,Logan Sargeant,0.0
2024,20,Valtteri Bottas,0.0
2024,21,Max Verstappen,393.0
2024,21,Lando Norris,331.0
2024,21,Charles Leclerc,307.0
2024,21,Oscar Piastri,262.0
2024,21,Carlos Sainz,244.0
2024,21,George Russell,192.0
2024,21,Lewis Hamilton,190.0
2024,21,Sergio Pérez,151.0
2024,21,Fernando Alonso,62.0
2024,21,Nico Hülkenberg,31.0
2024,21,Yuki Tsunoda,28.0
2024,21,Pierre Gasly,26.0
2024,21,Lance Stroll,24.0
2024,21,Esteban Ocon,23.0
2024,21,Kevin Magnussen,14.0
2024,21,Alexander Albon,12.0
2024,21,Daniel Ricciardo,12.0
2024,21,Oliver Bearman,7.0
2024,21,Franco Colapinto,5.0
2024,21,Liam Lawson,4.0
2024,21,Guanyu Zhou,0.0
2024,21,Logan Sargeant,0.0
2024,21,Valtteri Bottas,0.0
2024,22,Max Verstappen,403.0
2024,22,Lando Norris,340.0
2024,22,Charles Leclerc,319.0
2024,22,Oscar Piastri,268.0
2024,22,Carlos Sainz,259.0
2024,22,George Russell,217.0
2024,22,Lewis Hamilton,208.0
2024,22,Sergio Pérez,152.0
2024,22,Fernando Alonso,62.0
2024,22,Nico Hülkenberg,35.0
2024,22,Yuki Tsunoda,30.0
2024,22,Pierre Gasly,26.0
2024,22,Lance Stroll,24.0
2024,22,Esteban Ocon,23.0
2024,22,Kevin Magnussen,14.0
2024,22,Alexander Albon,12.0
2024,22,Daniel Ricciardo,12.0
2024,22,Oliver Bearman,7.0
2024,22,Franco Colapinto,5.0
2024,22,Liam Lawson,4.0
2024,22,Guanyu Zhou,0.0
2024,22,Logan Sargeant,0.0
2024,22,Valtteri Bottas,0.0
2024,23,Max Verstappen,429.0
2024,23,Lando Norris,349.0
2024,23,Charles Leclerc,341.0
2024,23,Oscar Piastri,291.0
2024,23,Carlos Sainz,272.0
2024,23,George Russell,235.0
2024,23,Lewis Hamilton,211.0
2024,23,Sergio Pérez,152.0
2024,23,Fernando Alonso,68.0
2024,23,Nico Hülkenberg,37.0
2024,23,Pierre Gasly,36.0
2024,23,Yuki Tsunoda,30.0
2024,23,Lance Stroll,24.0
2024,23,Esteban Ocon,23.0
2024,23,Kevin Magnussen,16.0
2024,23,Alexander Albon,12.0
2024,23,Daniel Ricciardo,12.0
2024,23,Oliver Bearman,7.0
2024,23,Franco Colapinto,5.0
2024,23,Guanyu Zhou,4.0
2024,23,Liam Lawson,4.0
2024,23,Valtteri Bottas,0.0
2024,23,Logan Sargeant,0.0
2024,24,Max Verstappen,437.0
2024,24,Lando Norris,374.0
2024,24,Charles Leclerc,356.0
2024,24,Oscar Piastri,292.0
2024,24,Carlos Sainz,290.0
2024,24,George Russell,245.0
2024,24,Lewis Hamilton,223.0
2024,24,Sergio Pérez,152.0
2024,24,Fernando Alonso,70.0
2024,24,Pierre Gasly,42.0
2024,24,Nico Hülkenberg,41.0
2024,24,Yuki Tsunoda,30.0
2024,24,Lance Stroll,24.0
2024,24,Esteban Ocon,23.0
2024,24,Kevin Magnussen,16.0
2024,24,Alexander Albon,12.0
2024,24,Daniel Ricciardo,12.0
2024,24,Oliver Bearman,7.0
2024,24,Franco Colapinto,5.0
2024,24,Guanyu Zhou,4.0
2024,24,Liam Lawson,4.0
2024,24,Valtteri Bottas,0.0
2024,24,Logan Sargeant,0.0
2024,24,Jack Doohan,0.0
2025,1,Lando Norris,25.0
2025,1,Max Verstappen,18.0
2025,1,George Russell,15.0
2025,1,Andrea Kimi Antonelli,12.0
2025,1,Alexander Albon,10.0
2025,1,Lance Stroll,8.0
2025,1,Nico Hülkenberg,6.0
2025,1,Charles Leclerc,4.0
2025,1,Oscar Piastri,2.0
2025,1,Lewis Hamilton,1.0
2025,1,Pierre Gasly,0.0
2025,1,Yuki Tsunoda,0.0
2025,1,Esteban Ocon,0.0
2025,1,Oliver Bearman,0.0
2025,1,Liam Lawson,0.0
2025,1,Gabriel Bortoleto,0.0
2025,1,Fernando Alonso,0.0
2025,1,Carlos Sainz,0.0
2025,1,Jack Doohan,0.0
2025,1,Isack Hadjar,0.0
2025,2,Lando Norris,44.0
2025,2,Max Verstappen,36.0
2025,2,George Russell,35.0
2025,2,Oscar Piastri,34.0
2025,2,Andrea Kimi Antonelli,22.0
2025,2,Alexander Albon,16.0
2025,2,Esteban Ocon,10.0
2025,2,Lance Stroll,10.0
2025,2,Lewis Hamilton,9.0
2025,2,Charles Leclerc,8.0
2025,2,Nico Hülkenberg,6.0
2025,2,Oliver Bearman,4.0
2025,2,Yuki Tsunoda,3.0
2025,2,Carlos Sainz,1.0
2025,2,Pierre Gasly,0.0
2025,2,Isack Hadjar,0.0
2025,2,Liam Lawson,0.0
2025,2,Jack Doohan,0.0
2025,2,Gabriel Bortoleto,0.0
2025,2,Fernando Alonso,0.0
2025,3,Lando Norris,62.0
2025,3,Max Verstappen,61.0
2025,3,Oscar Piastri,49.0
2025,3,George Russell,45.0
2025,3,Andrea Kimi Antonelli,30.0
2025,3,Charles Leclerc,20.0
2025,3,Alexander Albon,18.0
2025,3,Lewis Hamilton,15.0
2025,3,Esteban Ocon,10.0
2025,3,Lance Stroll,10.0
2025,3,Nico Hülkenberg,6.0
2025,3,Oliver Bearman,5.0
2025,3,Isack Hadjar,4.0
2025,3,Yuki Tsunoda,3.0
2025,3,Carlos Sainz,1.0
2025,3,Pierre Gasly,0.0
2025,3,Fernando Alonso,0.0
2025,3,Liam Lawson,0.0
2025,3,Jack Doohan,0.0
2025,3,Gabriel Bortoleto,0.0
2025,4,Lando Norris,77.0
2025,4,Oscar Piastri,74.0
2025,4,Max Verstappen,69.0
2025,4,George Russell,63.0
2025,4,Charles Leclerc,32.0
2025,4,Andrea Kimi Antonelli,30.0
2025,4,Lewis Hamilton,25.0
2025,4,Alexander Albon,18.0
2025,4,Esteban Ocon,14.0
2025,4,Lance Stroll,10.0
2025,4,Pierre Gasly,6.0
2025,4,Nico Hülkenberg,6.0
2025,4,Oliver Bearman,6.0
2025,4,Yuki Tsunoda,5.0
2025,4,Isack Hadjar,4.0
2025,4,Carlos Sainz,1.0
2025,4,Fernando Alonso,0.0
2025,4,Liam Lawson,0.0
2025,4,Jack Doohan,0.0
2025,4,Gabriel Bortoleto,0.0
2025,5,Oscar Piastri,99.0
2025,5,Lando Norris,89.0
2025,5,Max Verstappen,87.0
2025,5,George Russell,73.0
2025,5,Charles Leclerc,47.0
2025,5,Andrea Kimi Antonelli,38.0
2025,5,Lewis Hamilton,31.0
2025,5,Alexander Albon,20.0
2025,5,Esteban Ocon,14.0
2025,5,Lance Stroll,10.0
2025,5,Pierre Gasly,6.0
2025,5,Nico Hülkenberg,6.0
2025,5,Oliver Bearman,6.0
2025,5,Isack Hadjar,5.0
2025,5,Carlos Sainz,5.0
2025,5,Yuki Tsunoda,5.0
2025,5,Fernando Alonso,0.0
2025,5,Liam Lawson,0.0
2025,5,Jack Doohan,0.0
2025,5,Gabriel Bortoleto,0.0
2025,6,Oscar Piastri,131.0
2025,6,Lando Norris,115.0
2025,6,Max Verstappen,99.0
2025,6,George Russell,93.0
2025,6,Charles Leclerc,53.0
2025,6,Andrea Kimi Antonelli,48.0
2025,6,Lewis Hamilton,41.0
2025,6,Alexander Albon,30.0
2025,6,Esteban Ocon,14.0
2025,6,Lance Stroll,14.0
2025,6,Yuki Tsunoda,9.0
2025,6,Pierre Gasly,7.0
2025,6,Carlos Sainz,7.0
2025,6,Nico Hülkenberg,6.0
2025,6,Oliver Bearman,6.0
2025,6,Isack Hadjar,5.0
2025,6,Fernando Alonso,0.0
2025,6,Liam Lawson,0.0
2025,6,Jack Doohan,0.0
2025,6,Gabriel Bortoleto,0.0
2025,7,Oscar Piastri,146.0
2025,7,Lando Norris,133.0
2025,7,Max Verstappen,124.0
2025,7,George Russell,99.0
2025,7,Charles Leclerc,61.0
2025,7,Lewis Hamilton,53.0
2025,7,Andrea Kimi Antonelli,48.0
2025,7,Alexander Albon,40.0
2025,7,Esteban Ocon,14.0
2025,7,Lance Stroll,14.0
2025,7,Carlos Sainz,11.0
2025,7,Yuki Tsunoda,10.0
2025,7,Pierre Gasly,7.0
2025,7,Isack Hadjar,7.0
2025,7,Nico Hülkenberg,6.0
2025,7,Oliver Bearman,6.0
2025,7,Fernando Alonso,0.0
2025,7,Liam Lawson,0.0
2025,7,Jack Doohan,0.0
2025,7,Gabriel Bortoleto,0.0
2025,7,Franco Colapinto,0.0
2025,8,Oscar Piastri,161.0
2025,8,Lando Norris,158.0
2025,8,Max Verstappen,136.0
2025,8,George Russell,99.0
2025,8,Charles Leclerc,79.0
2025,8,Lewis Hamilton,63.0
2025,8,Andrea Kimi Antonelli,48.0
2025,8,Alexander Albon,42.0
2025,8,Esteban Ocon,20.0
2025,8,Isack Hadjar,15.0
2025,8,Lance Stroll,14.0
2025,8,Carlos Sainz,12.0
2025,8,Yuki Tsunoda,10.0
2025,8,Pierre Gasly,7.0
2025,8,Nico Hülkenberg,6.0
2025,8,Oliver Bearman,6.0
2025,8,Liam Lawson,4.0
2025,8,Fernando Alonso,0.0
2025,8,Jack Doohan,0.0
2025,8,Franco Colapinto,0.0
2025,8,Gabriel Bortoleto,0.0
2025,9,Oscar Piastri,186.0
2025,9,Lando Norris,176.0
2025,9,Max Verstappen,137.0
2025,9,George Russell,111.0
2025,9,Charles Leclerc,94.0
2025,9,Lewis Hamilton,71.0
2025,9,Andrea Kimi Antonelli,48.0
2025,9,Alexander Albon,42.0
2025,9,Isack Hadjar,21.0
2025,9,Esteban Ocon,20.0
2025,9,Nico Hülkenberg,16.0
2025,9,Lance Stroll,14.0
2025,9,Carlos Sainz,12.0
2025,9,Pierre Gasly,11.0
2025,9,Yuki Tsunoda,10.0
2025,9,Oliver Bearman,6.0
2025,9,Liam Lawson,4.0
2025,9,Fernando Alonso,2.0
2025,9,Gabriel Bortoleto,0.0
2025,9,Jack Doohan,0.0
2025,9,Franco Colapinto,0.0
2025,10,Oscar Piastri,198.0
2025,10,Lando Norris,176.0
2025,10,Max Verstappen,155.0
2025,10,George Russell,136.0
2025,10,Charles Leclerc,104.0
2025,10,Lewis Hamilton,79.0
2025,10,Andrea Kimi Antonelli,63.0
2025,10,Alexander Albon,42.0
2025,10,Esteban Ocon,22.0
2025,10,Isack Hadjar,21.0
2025,10,Nico Hülkenberg,20.0
2025,10,Lance Stroll,14.0
2025,10,Carlos Sainz,13.0
2025,10,Pierre Gasly,11.0
2025,10,Yuki Tsunoda,10.0
2025,10,Fernando Alonso,8.0
2025,10,Oliver Bearman,6.0
2025,10,Liam Lawson,4.0
2025,10,Gabriel Bortoleto,0.0
2025,10,Franco Colapinto,0.0
2025,10,Jack Doohan,0.0
2025,11,Oscar Piastri,216.0
2025,11,Lando Norris,201.0
2025,11,Max Verstappen,155.0
2025,11,George Russell,146.0
2025,11,Charles Leclerc,119.0
2025,11,Lewis Hamilton,91.0
2025,11,Andrea Kimi Antonelli,63.0
2025,11,Alexander Albon,42.0
2025,11,Esteban Ocon,23.0
2025,11,Nico Hülkenberg,22.0
2025,11,Isack Hadjar,21.0
2025,11,Lance Stroll,14.0
2025,11,Fernando Alonso,14.0
2025,11,Carlos Sainz,13.0
2025,11,Liam Lawson,12.0
2025,11,Pierre Gasly,11.0
2025,11,Yuki Tsunoda,10.0
2025,11,Oliver Bearman,6.0
2025,11,Gabriel Bortoleto,4.0
2025,11,Franco Colapinto,0.0
2025,11,Jack Doohan,0.0
2025,12,Oscar Piastri,234.0
2025,12,Lando Norris,226.0
2025,12,Max Verstappen,165.0
2025,12,George Russell,147.0
2025,12,Charles Leclerc,119.0
2025,12,Lewis Hamilton,103.0
2025,12,Andrea Kimi Antonelli,63.0
2025,12,Alexander Albon,46.0
2025,12,Nico Hülkenberg,37.0
2025,12,Esteban Ocon,23.0
2025,12,Isack Hadjar,21.0
2025,12,Lance Stroll,20.0
2025,12,Pierre Gasly,19.0
2025,12,Fernando Alonso,16.0
2025,12,Carlos Sainz,13.0
2025,12,Liam Lawson,12.0
2025,12,Yuki Tsunoda,10.0
2025,12,Oliver Bearman,6.0
2025,12,Gabriel Bortoleto,4.0
2025,12,Franco Colapinto,0.0
2025,12,Jack Doohan,0.0
2025,13,Oscar Piastri,266.0
2025,13,Lando Norris,250.0
2025,13,Max Verstappen,185.0
2025,13,George Russell,157.0
2025,13,Charles Leclerc,139.0
2025,13,Lewis Hamilton,109.0
2025,13,Andrea Kimi Antonelli,63.0
2025,13,Alexander Albon,54.0
2025,13,Nico Hülkenberg,37.0
2025,13,Esteban Ocon,27.0
2025,13,Isack Hadjar,22.0
2025,13,Pierre Gasly,20.0
2025,13,Lance Stroll,20.0
2025,13,Liam Lawson,16.0
2025,13,Fernando Alonso,16.0
2025,13,Carlos Sainz,16.0
2025,13,Yuki Tsunoda,10.0
2025,13,Oliver Bearman,8.0
2025,13,Gabriel Bortoleto,6.0
2025,13,Franco Colapinto,0.0
2025,13,Jack Doohan,0.0
2025,14,Oscar Piastri,284.0
2025,14,Lando Norris,275.0
2025,14,Max Verstappen,187.0
2025,14,George Russell,172.0
2025,14,Charles Leclerc,151.0
2025,14,Lewis Hamilton,109.0
2025,14,Andrea Kimi Antonelli,64.0
2025,14,Alexander Albon,54.0
2025,14,Nico Hülkenberg,37.0
2025,14,Esteban Ocon,27.0
2025,14,Fernando Alonso,26.0
2025,14,Lance Stroll,26.0
2025,14,Isack Hadjar,22.0
2025,14,Pierre Gasly,20.0
2025,14,Liam Lawson,20.0
2025,14,Carlos Sainz,16.0
2025,14,Gabriel Bortoleto,14.0
2025,14,Yuki Tsunoda,10.0
2025,14,Oliver Bearman,8.0
2025,14,Franco Colapinto,0.0
2025,14,Jack Doohan,0.0
2025,15,Oscar Piastri,309.0
2025,15,Lando Norris,275.0
2025,15,Max Verstappen,205.0
2025,15,George Russell,184.0
2025,15,Charles Leclerc,151.0
2025,15,Lewis Hamilton,109.0
2025,15,Andrea Kimi Antonelli,64.0
2025,15,Alexander Albon,64.0
2025,15,Nico Hülkenberg,37.0
2025,15,Isack Hadjar,37.0
2025,15,Lance Stroll,32.0
2025,15,Fernando Alonso,30.0
2025,15,Esteban Ocon,28.0
2025,15,Pierre Gasly,20.0
2025,15,Liam Lawson,20.0
2025,15,Oliver Bearman,16.0
2025,15,Carlos Sainz,16.0
2025,15,Gabriel Bortoleto,14.0
2025,15,Yuki Tsunoda,12.0
2025,15,Franco Colapinto,0.0
2025,15,Jack Doohan,0.0
2025,16,Oscar Piastri,324.0
2025,16,Lando Norris,293.0
2025,16,Max Verstappen,230.0
2025,16,George Russell,194.0
2025,16,Charles Leclerc,163.0
2025,16,Lewis Hamilton,117.0
2025,16,Alexander Albon,70.0
2025,16,Andrea Kimi Antonelli,66.0
2025,16,Isack Hadjar,38.0
2025,16,Nico Hülkenberg,37.0
2025,16,Lance Stroll,32.0
2025,16,Fernando Alonso,30.0
2025,16,Esteban Ocon,28.0
2025,16,Pierre Gasly,20.0
2025,16,Liam Lawson,20.0
2025,16,Gabriel Bortoleto,18.0
2025,16,Oliver Bearman,16.0
2025,16,Carlos Sainz,16.0
2025,16,Yuki Tsunoda,12.0
2025,16,Franco Colapinto,0.0
2025,16,Jack Doohan,0.0
2025,17,Oscar Piastri,324.0
2025,17,Lando Norris,299.0
2025,17,Max Verstappen,255.0
2025,17,George Russell,212.0
2025,17,Charles Leclerc,165.0
2025,17,Lewis Hamilton,121.0
2025,17,Andrea Kimi Antonelli,78.0
2025,17,Alexander Albon,70.0
2025,17,Isack Hadjar,39.0
2025,17,Nico Hülkenberg,37.0
2025,17,Lance Stroll,32.0
2025,17,Carlos Sainz,31.0
2025,17,Liam Lawson,30.0
2025,17,Fernando Alonso,30.0
2025,17,Esteban Ocon,28.0
2025,17,Pierre Gasly,20.0
2025,17,Yuki Tsunoda,20.0
2025,17,Gabriel Bortoleto,18.0
2025,17,Oliver Bearman,16.0
2025,17,Franco Colapinto,0.0
2025,17,Jack Doohan,0.0
2025,18,Oscar Piastri,336.0
2025,18,Lando Norris,314.0
2025,18,Max Verstappen,273.0
2025,18,George Russell,237.0
2025,18,Charles Leclerc,173.0
2025,18,Lewis Hamilton,125.0
2025,18,Andrea Kimi Antonelli,88.0
2025,18,Alexander Albon,70.0
2025,18,Isack Hadjar,39.0
2025,18,Nico Hülkenberg,37.0
2025,18,Fernando Alonso,36.0
2025,18,Carlos Sainz,32.0
2025,18,Lance Stroll,32.0
2025,18,Liam Lawson,30.0
2025,18,Esteban Ocon,28.0
2025,18,Pierre Gasly,20.0
2025,18,Yuki Tsunoda,20.0
2025,18,Gabriel Bortoleto,18.0
2025,18,Oliver Bearman,18.0
2025,18,Franco Colapinto,0.0
2025,18,Jack Doohan,0.0
2025,19,Oscar Piastri,346.0
2025,19,Lando Norris,332.0
2025,19,Max Verstappen,306.0
2025,19,George Russell,252.0
2025,19,Charles Leclerc,192.0
2025,19,Lewis Hamilton,142.0
2025,19,Andrea Kimi Antonelli,89.0
2025,19,Alexander Albon,73.0
2025,19,Nico Hülkenberg,41.0
2025,19,Isack Hadjar,39.0
2025,19,Carlos Sainz,38.0
2025,19,Fernando Alonso,37.0
2025,19,Lance Stroll,32.0
2025,19,Liam Lawson,30.0
2025,19,Esteban Ocon,28.0
2025,19,Yuki Tsunoda,28.0
2025,19,Pierre Gasly,20.0
2025,19,Oliver Bearman,20.0
2025,19,Gabriel Bortoleto,18.0
2025,19,Franco Colapinto,0.0
2025,19,Jack Doohan,0.0
2025,20,Lando Norris,357.0
2025,20,Oscar Piastri,356.0
2025,20,Max Verstappen,321.0
2025,20,George Russell,258.0
2025,20,Charles Leclerc,210.0
2025,20,Lewis Hamilton,146.0
2025,20,Andrea Kimi Antonelli,97.0
2025,20,Alexander Albon,73.0
2025,20,Nico Hülkenberg,41.0
2025,20,Isack Hadjar,39.0
2025,20,Carlos Sainz,38.0
2025,20,Fernando Alonso,37.0
2025,20,Oliver Bearman,32.0
2025,20,Lance Stroll,32.0
2025,20,Liam Lawson,30.0
2025,20,Esteban Ocon,30.0
2025,20,Yuki Tsunoda,28.0
2025,20,Pierre Gasly,20.0
2025,20,Gabriel Bortoleto,19.0
2025,20,Franco Colapinto,0.0
2025,20,Jack Doohan,0.0
2025,21,Lando Norris,390.0
2025,21,Oscar Piastri,366.0
2025,21,Max Verstappen,341.0
2025,21,George Russell,276.0
2025,21,Charles Leclerc,214.0
2025,21,Lewis Hamilton,148.0
2025,21,Andrea Kimi Antonelli,122.0
2025,21,Alexander Albon,73.0
2025,21,Nico Hülkenberg,43.0
2025,21,Isack Hadjar,43.0
2025,21,Oliver Bearman,40.0
2025,21,Fernando Alonso,40.0
2025,21,Carlos Sainz,38.0
2025,21,Liam Lawson,36.0
2025,21,Lance Stroll,32.0
2025,21,Esteban Ocon,30.0
2025,21,Yuki Tsunoda,28.0
2025,21,Pierre Gasly,22.0
2025,21,Gabriel Bortoleto,19.0
2025,21,Franco Colapinto,0.0
2025,21,Jack Doohan,0.0
2025,22,Lando Norris,390.0
2025,22,Oscar Piastri,366.0
2025,22,Max Verstappen,366.0
2025,22,George Russell,294.0
2025,22,Charles Leclerc,226.0
2025,22,Lewis Hamilton,152.0
2025,22,Andrea Kimi Antonelli,137.0
2025,22,Alexander Albon,73.0
2025,22,Isack Hadjar,51.0
2025,22,Nico Hülkenberg,49.0
2025,22,Carlos Sainz,48.0
2025,22,Oliver Bearman,41.0
2025,22,Fernando Alonso,40.0
2025,22,Liam Lawson,36.0
2025,22,Esteban Ocon,32.0
2025,22,Lance Stroll,32.0
2025,22,Yuki Tsunoda,28.0
2025,22,Pierre Gasly,22.0
2025,22,Gabriel Bortoleto,19.0
2025,22,Franco Colapinto,0.0
2025,22,Jack Doohan,0.0
2025,23,Lando Norris,408.0
2025,23,Max Verstappen,396.0
2025,23,Oscar Piastri,392.0
2025,23,George Russell,309.0
2025,23,Charles Leclerc,230.0
2025,23,Lewis Hamilton,152.0
2025,23,Andrea Kimi Antonelli,150.0
2025,23,Alexander Albon,73.0
2025,23,Carlos Sainz,64.0
2025,23,Isack Hadjar,51.0
2025,23,Nico Hülkenberg,49.0
2025,23,Fernando Alonso,48.0
2025,23,Oliver Bearman,41.0
2025,23,Liam Lawson,38.0
2025,23,Yuki Tsunoda,33.0
2025,23,Esteban Ocon,32.0
2025,23,Lance Stroll,32.0
2025,23,Pierre Gasly,22.0
2025,23,Gabriel Bortoleto,19.0
2025,23,Franco Colapinto,0.0
2025,23,Jack Doohan,0.0
2025,24,Lando Norris,423.0
2025,24,Max Verstappen,421.0
2025,24,Oscar Piastri,410.0
2025,24,George Russell,319.0
2025,24,Charles Leclerc,242.0
2025,24,Lewis Hamilton,156.0
2025,24,Andrea Kimi Antonelli,150.0
2025,24,Alexander Albon,73.0
2025,24,Carlos Sainz,64.0
2025,24,Fernando Alonso,56.0
2025,24,Nico Hülkenberg,51.0
2025,24,Isack Hadjar,51.0
2025,24,Oliver Bearman,41.0
2025,24,Liam Lawson,38.0
2025,24,Esteban Ocon,38.0
2025,24,Lance Stroll,33.0
2025,24,Yuki Tsunoda,33.0
2025,24,Pierre Gasly,22.0
2025,24,Gabriel Bortoleto,19.0
2025,24,Franco Colapinto,0.0
2025,24,Jack Doohan,0.0
2026,1,George Russell,25.0
2026,1,Andrea Kimi Antonelli,18.0
2026,1,Charles Leclerc,15.0
2026,1,Lewis Hamilton,12.0
2026,1,Lando Norris,10.0
2026,1,Max Verstappen,8.0
2026,1,Oliver Bearman,6.0
2026,1,Arvid Lindblad,4.0
2026,1,Gabriel Bortoleto,2.0
2026,1,Pierre Gasly,1.0
2026,1,Esteban Ocon,0.0
2026,1,Alexander Albon,0.0
2026,1,Liam Lawson,0.0
2026,1,Franco Colapinto,0.0
2026,1,Carlos Sainz,0.0
2026,1,Sergio Pérez,0.0
2026,1,Isack Hadjar,0.0
2026,1,Oscar Piastri,0.0
2026,1,Nico Hülkenberg,0.0
2026,1,Fernando Alonso,0.0
2026,1,Valtteri Bottas,0.0
2026,1,Lance Stroll,0.0
2026,2,George Russell,51.0
2026,2,Andrea Kimi Antonelli,47.0
2026,2,Charles Leclerc,34.0
2026,2,Lewis Hamilton,33.0
2026,2,Oliver Bearman,17.0
2026,2,Lando Norris,15.0
2026,2,Pierre Gasly,9.0
2026,2,Max Verstappen,8.0
2026,2,Liam Lawson,8.0
2026,2,Arvid Lindblad,4.0
2026,2,Isack Hadjar,4.0
2026,2,Oscar Piastri,3.0
2026,2,Carlos Sainz,2.0
2026,2,Gabriel Bortoleto,2.0
2026,2,Franco Colapinto,1.0
2026,2,Esteban Ocon,0.0
2026,2,Nico Hülkenberg,0.0
2026,2,Alexander Albon,0.0
2026,2,Valtteri Bottas,0.0
2026,2,Sergio Pérez,0.0
2026,2,Fernando Alonso,0.0
2026,2,Lance Stroll,0.0
2026,3,Andrea Kimi Antonelli,72.0
2026,3,George Russell,63.0
2026,3,Charles Leclerc,49.0
2026,3,Lewis Hamilton,41.0
2026,3,Lando Norris,25.0
2026,3,Oscar Piastri,21.0
2026,3,Oliver Bearman,17.0
2026,3,Pierre Gasly,15.0
2026,3,Max Verstappen,12.0
2026,3,Liam Lawson,10.0
2026,3,Arvid Lindblad,4.0
2026,3,Isack Hadjar,4.0
2026,3,Gabriel Bortoleto,2.0
2026,3,Carlos Sainz,2.0
2026,3,Esteban Ocon,1.0
2026,3,Franco Colapinto,1.0
2026,3,Nico Hülkenberg,0.0
2026,3,Alexander Albon,0.0
2026,3,Valtteri Bottas,0.0
2026,3,Sergio Pérez,0.0
2026,3,Fernando Alonso,0.0
2026,3,Lance Stroll,0.0
2026,4,Andrea Kimi Antonelli,100.0
2026,4,George Russell,80.0
2026,4,Charles Leclerc,59.0
2026,4,Lando Norris,51.0
2026,4,Lewis Hamilton,51.0
2026,4,Oscar Piastri,43.0
2026,4,Max Verstappen,26.0
2026,4,Oliver Bearman,17.0
2026,4,Pierre Gasly,16.0
2026,4,Liam Lawson,10.0
2026,4,Franco Colapinto,7.0
2026,4,Arvid Lindblad,4.0
2026,4,Isack Hadjar,4.0
2026,4,Carlos Sainz,4.0
2026,4,Gabriel Bortoleto,2.0
2026,4,Esteban Ocon,1.0
2026,4,Alexander Albon,1.0
2026,4,Nico Hülkenberg,0.0
2026,4,Valtteri Bottas,0.0
2026,4,Sergio Pérez,0.0
2026,4,Fernando Alonso,0.0
2026,4,Lance Stroll,0.0
2026,5,Andrea Kimi Antonelli,131.0
2026,5,George Russell,88.0
2026,5,Charles Leclerc,75.0
2026,5,Lewis Hamilton,72.0
2026,5,Lando Norris,58.0
2026,5,Oscar Piastri,48.0
2026,5,Max Verstappen,43.0
2026,5,Pierre Gasly,20.0
2026,5,Oliver Bearman,18.0
2026,5,Liam Lawson,16.0
2026,5,Franco Colapinto,15.0
2026,5,Isack Hadjar,14.0
2026,5,Carlos Sainz,6.0
2026,5,Arvid Lindblad,5.0
2026,5,Gabriel Bortoleto,2.0
2026,5,Esteban Ocon,1.0
2026,5,Alexander Albon,1.0
2026,5,Nico Hülkenberg,0.0
2026,5,Valtteri Bottas,0.0
2026,5,Sergio Pérez,0.0
2026,5,Lance Stroll,0.0
2026,5,Fernando Alonso,0.0
2026,6,Andrea Kimi Antonelli,156.0
2026,6,Lewis Hamilton,90.0
2026,6,George Russell,88.0
2026,6,Charles Leclerc,75.0
2026,6,Oscar Piastri,58.0
2026,6,Lando Norris,58.0
2026,6,Max Verstappen,43.0
2026,6,Pierre Gasly,35.0
2026,6,Isack Hadjar,26.0
2026,6,Liam Lawson,24.0
2026,6,Oliver Bearman,18.0
2026,6,Franco Colapinto,15.0
2026,6,Arvid Lindblad,11.0
2026,6,Carlos Sainz,6.0
2026,6,Alexander Albon,5.0
2026,6,Esteban Ocon,3.0
2026,6,Gabriel Bortoleto,2.0
2026,6,Fernando Alonso,1.0
2026,6,Nico Hülkenberg,0.0
2026,6,Valtteri Bottas,0.0
2026,6,Sergio Pérez,0.0
2026,6,Lance Stroll,0.0
2026,7,Andrea Kimi Antonelli,156.0
2026,7,Lewis Hamilton,115.0
2026,7,George Russell,106.0
2026,7,Charles Leclerc,75.0
2026,7,Lando Norris,73.0
2026,7,Oscar Piastri,68.0
2026,7,Max Verstappen,55.0
2026,7,Pierre Gasly,41.0
2026,7,Isack Hadjar,34.0
2026,7,Liam Lawson,28.0
2026,7,Oliver Bearman,18.0
2026,7,Franco Colapinto,16.0
2026,7,Arvid Lindblad,13.0
2026,7,Carlos Sainz,6.0
2026,7,Alexander Albon,5.0
2026,7,Esteban Ocon,3.0
2026,7,Gabriel Bortoleto,2.0
2026,7,Fernando Alonso,1.0
2026,7,Nico Hülkenberg,0.0
2026,7,Valtteri Bottas,0.0
2026,7,Sergio Pérez,0.0
2026,7,Lance Stroll,0.0
2026,8,Andrea Kimi Antonelli,171.0
2026,8,George Russell,131.0
2026,8,Lewis Hamilton,125.0
2026,8,Oscar Piastri,80.0
2026,8,Lando Norris,79.0
2026,8,Charles Leclerc,79.0
2026,8,Max Verstappen,73.0
2026,8,Isack Hadjar,42.0
2026,8,Pierre Gasly,41.0
2026,8,Liam Lawson,30.0
2026,8,Oliver Bearman,18.0
2026,8,Franco Colapinto,16.0
2026,8,Arvid Lindblad,14.0
2026,8,Carlos Sainz,6.0
2026,8,Alexander Albon,5.0
2026,8,Esteban Ocon,3.0
2026,8,Gabriel Bortoleto,2.0
2026,8,Fernando Alonso,1.0
2026,8,Nico Hülkenberg,0.0
2026,8,Valtteri Bottas,0.0
2026,8,Sergio Pérez,0.0
2026,8,Lance Stroll,0.0
2026,9,Andrea Kimi Antonelli,179.0
2026,9,George Russell,154.0
2026,9,Lewis Hamilton,147.0
2026,9,Charles Leclerc,108.0
2026,9,Lando Norris,97.0
2026,9,Oscar Piastri,82.0
2026,9,Max Verstappen,76.0
2026,9,Isack Hadjar,52.0
2026,9,Pierre Gasly,42.0
2026,9,Liam Lawson,39.0
2026,9,Arvid Lindblad,20.0
2026,9,Oliver Bearman,18.0
2026,9,Franco Colapinto,18.0
2026,9,Gabriel Bortoleto,6.0
2026,9,Carlos Sainz,6.0
2026,9,Alexander Albon,5.0
2026,9,Esteban Ocon,3.0
2026,9,Fernando Alonso,1.0
2026,9,Nico Hülkenberg,0.0
2026,9,Valtteri Bottas,0.0
2026,9,Sergio Pérez,0.0
2026,9,Lance Stroll,0.0
